funcao,rede,area,pilar,dataEntrada,voluntarioId
AE DEV: ANALYTICS,ÁREAS EXECUTIVAS,MM - DEVELOPERS,AE: MULTIMÍDIA,2024-09-28,36e2a67a502783476621d6ec0dee52a7
AE DEV: ANALYTICS,ÁREAS EXECUTIVAS,MM - DEVELOPERS,AE: MULTIMÍDIA,2025-06-01,d316dd9cd053bfac5d42005342c721a7
AE DEV: BACKEND,ÁREAS EXECUTIVAS,MM - DEVELOPERS,AE: MULTIMÍDIA,2022-03-28,43bc8e3ac7df2c5e6d330432c8550061
AE DEV: BACKEND,ÁREAS EXECUTIVAS,MM - DEVELOPERS,AE: MULTIMÍDIA,2022-03-28,f01dd519588c562240695d4ebc6b8b1f
AE DEV: BACKEND,ÁREAS EXECUTIVAS,MM - DEVELOPERS,AE: MULTIMÍDIA,2023-10-30,c28f879c2291a3c5d9ba73f0453fef39
AE DEV: FRONTEND,ÁREAS EXECUTIVAS,MM - DEVELOPERS,AE: MULTIMÍDIA,2025-06-01,22d7ea7baa30a0aa8bc44288fdd47b01
AE DEV: PRODUTOS,ÁREAS EXECUTIVAS,MM - DEVELOPERS,AE: MULTIMÍDIA,2024-09-06,db76a9f12ebc0c3dc37a0eb3107f775b
AE DEV: PRODUTOS,ÁREAS EXECUTIVAS,MM - DEVELOPERS,AE: MULTIMÍDIA,2025-06-01,ef2f579cd5e53d1083a84133c47b8f43
AE DEV: PRODUTOS,ÁREAS EXECUTIVAS,MM - DEVELOPERS,AE: MULTIMÍDIA,2025-06-01,1123997b0d5be0fe90ead9634adef44d
AE DEV: PRODUTOS,ÁREAS EXECUTIVAS,MM - DEVELOPERS,AE: MULTIMÍDIA,2025-06-01,80aad31418d9234f88bbe3da776bae60
AE DEV: PRODUTOS,ÁREAS EXECUTIVAS,MM - DEVELOPERS,AE: MULTIMÍDIA,2025-06-01,a0b6235c021b25f714bd9d8432b7a18d
AE DEV: PRODUTOS,ÁREAS EXECUTIVAS,MM - DEVELOPERS,AE: MULTIMÍDIA,2025-06-01,cb7e43d0e50ed2eb5020bf855dd4318a
AE: AUXILIAR DE LÍDER ÁREA,ÁREAS EXECUTIVAS,LIDERES ÁREAS EXECUTIVAS,VOLUNTÁRIOS SP,2024-08-02,c8b780356b0953b329f0222a220b71e8
AE: AUXILIAR DE LÍDER ÁREA,ÁREAS EXECUTIVAS,MM - GRAPHIC CONTENT,AE: MULTIMÍDIA,2023-06-21,ea5ef57704122348a827902a75688954
AE: AUXILIAR DE LÍDER ÁREA,ÁREAS EXECUTIVAS,MM - GRAPHIC CONTENT RISE,AE: MULTIMÍDIA,2025-02-27,b0ca552728a8376532223b4681e1713a
AE: AUXILIAR DE LÍDER ÁREA,ÁREAS EXECUTIVAS,MM - SOM,AE: MULTIMÍDIA,2022-04-13,f572d2e2532e1e39aa760e2863ecc3fd
AE: AUXILIAR DE LÍDER ÁREA,ÁREAS EXECUTIVAS,MM - SOM,AE: MULTIMÍDIA,2023-11-17,7c2593b2ffa4a9ee6e394981abcc9116
AE: AUXILIAR DE LÍDER ÁREA,ÁREAS EXECUTIVAS,MM - SOM,AE: MULTIMÍDIA,2023-11-17,0336a0bcc59a9e5432b88f698f0c6162
AE: AUXILIAR DE LÍDER ÁREA,ÁREAS EXECUTIVAS,MM - TÉCNICA,AE: MULTIMÍDIA,2024-04-27,50454c7cc57273503c4bd903ccf04911
AE: AUXILIAR DE LÍDER ÁREA,ÁREAS EXECUTIVAS,OP - ACESSIBILIDADE,AE: OPERAÇÕES,2025-11-23,1e32703448a937a6eb1c5bfea43397a2
AE: AUXILIAR DE LÍDER EQUIPE,ÁREAS EXECUTIVAS,MM - BACKSTAGE,AE: MULTIMÍDIA,2023-11-11,82d99f4c14d7e503fe193a0fa2aa05a8
AE: AUXILIAR DE LÍDER EQUIPE,ÁREAS EXECUTIVAS,MM - GRAPHIC CONTENT,AE: MULTIMÍDIA,2025-03-28,bb704ad6e1553d8ef9023a9560a3d117
AE: AUXILIAR DE LÍDER EQUIPE,ÁREAS EXECUTIVAS,MM - GRAPHIC CONTENT,AE: MULTIMÍDIA,2025-04-29,037918e8817db5a651212ab8da3e6a20
AE: AUXILIAR DE LÍDER EQUIPE,ÁREAS EXECUTIVAS,MM - GRAPHIC CONTENT,AE: MULTIMÍDIA,2024-08-13,215aac860b9e5e8120b2548b593d9fae
AE: AUXILIAR DE LÍDER EQUIPE,ÁREAS EXECUTIVAS,MM - MÍDIAS,AE: MULTIMÍDIA,2025-07-18,a847103e533e8641b07dddb0ea75733a
AE: AUXILIAR DE LÍDER EQUIPE,ÁREAS EXECUTIVAS,MM - MÍDIAS,AE: MULTIMÍDIA,2025-02-10,0e1614a17bd2c23e210a577f1cc93970
AE: AUXILIAR DE LÍDER EQUIPE,ÁREAS EXECUTIVAS,OP - ACESSIBILIDADE,AE: OPERAÇÕES,2025-08-28,4ced2a06f350b373db8b150b772df9ff
AE: AUXILIAR DE LÍDER EQUIPE,ÁREAS EXECUTIVAS,OP - ACESSIBILIDADE,AE: OPERAÇÕES,2025-08-28,081de75c5f7f136c05eab93506411088
AE: AUXILIAR DE LÍDER EQUIPE,ÁREAS EXECUTIVAS,OP - ACESSIBILIDADE,AE: OPERAÇÕES,2025-08-28,cdc9b6c0af96fc61bc677d47f20f4465
AE: AUXILIAR DE LÍDER EQUIPE,ÁREAS EXECUTIVAS,OP - ACESSIBILIDADE,AE: OPERAÇÕES,2025-08-28,91855cae1d0d860660e4c1cb9a14e35b
AE: AUXILIAR DE LÍDER EQUIPE,ÁREAS EXECUTIVAS,OP - LOGÍSTICA EKL TIME 2,AE: OPERAÇÕES,2023-11-23,daa7618d3f4427c9178c95c690112f93
AE: AUXILIAR DE LÍDER EQUIPE,ÁREAS EXECUTIVAS,OP - LOGÍSTICA TIME 2 Manhã ,AE: OPERAÇÕES,2022-04-05,24203b4a51447645ee2d6cb0174c4cd2
AE: AUXILIAR DE LÍDER EQUIPE,ÁREAS EXECUTIVAS,OP - LOGÍSTICA TIME 2 Manhã ,AE: OPERAÇÕES,2026-02-24,406484624ff74e74d63beaa362fc4d4d
AE: AUXILIAR DE LÍDER EQUIPE,ÁREAS EXECUTIVAS,OP - OHANA CAFÉ VOX TIME 2,AE: OPERAÇÕES,2024-01-12,076c8a99b542c9ea921edb69282f8321
AE: AUXILIAR DE LÍDER EQUIPE,ÁREAS EXECUTIVAS,OP - RECEPÇÃO FLOW TIME 1,AE: OPERAÇÕES,2026-03-20,cc378f01e799eb09e0f35a66cafa5160
AE: AUXILIAR DE LÍDER EQUIPE,ÁREAS EXECUTIVAS,OP - RECEPÇÃO TIME 1 Chácara Flora ,AE: OPERAÇÕES,2020-10-23,aa5aed32cedaeaf8517dac28218d086d
AE: AUXILIAR DE LÍDER EQUIPE,ÁREAS EXECUTIVAS,OP - RECEPÇÃO TIME 1 Chácara Flora ,AE: OPERAÇÕES,2025-02-10,be6d3641fd2b2ec386468d5c38f14dd0
AE: AUXILIAR DE LÍDER EQUIPE,ÁREAS EXECUTIVAS,OP - RECEPÇÃO TIME 2 CHÁCARA FLORA,AE: OPERAÇÕES,2025-02-10,e2cbf12d0d6aaa94846324e5180cfbcc
AE: AUXILIAR DE LÍDER EQUIPE,ÁREAS EXECUTIVAS,OP - RECEPÇÃO TIME 2 CHÁCARA FLORA,AE: OPERAÇÕES,2024-11-21,78ebbcb39bafca5ce39760b92d744f05
AE: AUXILIAR DE LÍDER EQUIPE,ÁREAS EXECUTIVAS,OP - RECEPÇÃO VOX TIME 1,AE: OPERAÇÕES,2025-10-03,1a25f102f9efe0106dec7569fb15f601
AE: AUXILIAR DE LÍDER EQUIPE,ÁREAS EXECUTIVAS,OP - SEC,AE: OPERAÇÕES,2025-08-26,a8da0074be83ec982a66515814804897
AE: AUXILIAR DE LÍDER EQUIPE,ÁREAS EXECUTIVAS,OP - SEC,AE: OPERAÇÕES,2025-11-25,edf86be558b339f00ad8c78501eeb027
AE: AUXILIAR DE LÍDER EQUIPE,ÁREAS EXECUTIVAS,OP | APOIO RISE 2,AE: OPERAÇÕES,2025-02-09,98baad6c1862df9f1fb7ebbf7b0316d7
AE: AUXILIAR DE LÍDER EQUIPE,ÁREAS EXECUTIVAS,OP | APOIO VOX 1,AE: OPERAÇÕES,2025-11-23,4479f72111c45453ebf4148b0ae60a64
AE: AUXILIAR DE LÍDER EQUIPE,ÁREAS EXECUTIVAS,OP | APOIO VOX 1,AE: OPERAÇÕES,2026-01-15,84604e9074c26ee3b87c8552e4f0e1a6
AE: AUXILIAR DE LÍDER EQUIPE,ÁREAS EXECUTIVAS,OP LOGÍSTICA - TIME 1 Manhã ,AE: OPERAÇÕES,2024-11-18,1d5df45d3da4cf38f29c709babcac5e7
AE: AUXILIAR DE LÍDER EQUIPE,ÁREAS EXECUTIVAS,OP LOGÍSTICA - TIME 1 Manhã ,AE: OPERAÇÕES,2024-11-18,e6e69a17e6ee367050e974f6c48cbce1
AE: AUXILIAR DE LÍDER EQUIPE,ÁREAS EXECUTIVAS,OP RECEPÇÃO - TIME 3 ChÁCARA FLORA,AE: OPERAÇÕES,2024-02-27,08692ad8da8a7710f1df87add87996f2
AE: CORE,ÁREAS EXECUTIVAS,LIDERES ÁREAS EXECUTIVAS,VOLUNTÁRIOS SP,2023-06-21,a5e1fff8a15ea4fac4eb4b0d82292678
AE: CORE,ÁREAS EXECUTIVAS,LIDERES ÁREAS EXECUTIVAS,VOLUNTÁRIOS SP,2024-01-03,0d8c5b7c63667d145ca7884177d2b751
AE: CORE,ÁREAS EXECUTIVAS,LIDERES ÁREAS EXECUTIVAS,VOLUNTÁRIOS SP,2024-01-03,af1c9dce3bfa68a01b1a6e257d6a9956
AE: CORE,ÁREAS EXECUTIVAS,LIDERES ÁREAS EXECUTIVAS,VOLUNTÁRIOS SP,2024-02-17,06cd52c8e8dcc6f06504e6bd7ba9f49d
AE: CORE,ÁREAS EXECUTIVAS,LIDERES ÁREAS EXECUTIVAS,VOLUNTÁRIOS SP,2021-07-16,86157b3a59071c0f5be0500df0c886de
AE: CORE,ÁREAS EXECUTIVAS,LIDERES ÁREAS EXECUTIVAS,VOLUNTÁRIOS SP,2023-11-22,e89b5ab251bd1fd339df7077a4c0bed8
AE: CORE,ÁREAS EXECUTIVAS,LIDERES ÁREAS EXECUTIVAS,VOLUNTÁRIOS SP,2024-10-02,a410c40856c7efb03ed59041a9b0c94e
AE: CORE,ÁREAS EXECUTIVAS,LIDERES ÁREAS EXECUTIVAS,VOLUNTÁRIOS SP,2023-06-15,c21179e2c7fc11a4f0c273310634808d
AE: CORE,ÁREAS EXECUTIVAS,LIDERES ÁREAS EXECUTIVAS,VOLUNTÁRIOS SP,2024-06-09,1320e704e01c2a9bb44e34c6ef5af984
AE: CORE,ÁREAS EXECUTIVAS,LIDERES ÁREAS EXECUTIVAS,VOLUNTÁRIOS SP,2024-06-09,dc09432e485e7eaa13d58cdb249200b2
AE: CORE,ÁREAS EXECUTIVAS,LIDERES ÁREAS EXECUTIVAS,VOLUNTÁRIOS SP,2024-02-17,83426ad92e65c71868a3fd5ccdf04147
AE: HEAD,ÁREAS EXECUTIVAS,LIDERES ÁREAS EXECUTIVAS,VOLUNTÁRIOS SP,2023-03-14,1a616c59d217ff7c371e1b588635cc0f
AE: HEAD,ÁREAS EXECUTIVAS,LIDERES ÁREAS EXECUTIVAS,VOLUNTÁRIOS SP,2024-03-21,f79d0d9906bf96ee2286c87e254c0056
AE: HEAD,ÁREAS EXECUTIVAS,LIDERES ÁREAS EXECUTIVAS,VOLUNTÁRIOS SP,2021-11-23,b0ecc72764355544486f898a94bb6ce4
AE: HEAD,ÁREAS EXECUTIVAS,LIDERES ÁREAS EXECUTIVAS,VOLUNTÁRIOS SP,2024-01-03,0fbeb37fcd33ce2727a3aa4fd6a778c9
AE: HEAD,ÁREAS EXECUTIVAS,LIDERES ÁREAS EXECUTIVAS,VOLUNTÁRIOS SP,2024-04-17,f3051223c487c4b4a0c9b29b0b2ec95f
AE: HEAD,ÁREAS EXECUTIVAS,LIDERES ÁREAS EXECUTIVAS,VOLUNTÁRIOS SP,2021-11-23,ae8bb2b122f37be6005fb52b9cd463ba
AE: HEAD,ÁREAS EXECUTIVAS,LIDERES ÁREAS EXECUTIVAS,VOLUNTÁRIOS SP,2024-03-29,f5b2a820007a835349cedb413acfbbad
AE: HEAD,ÁREAS EXECUTIVAS,LIDERES ÁREAS EXECUTIVAS,VOLUNTÁRIOS SP,2024-06-09,186f9c18f6057e4cbbf6248f4653590a
AE: HEAD,ÁREAS EXECUTIVAS,LIDERES ÁREAS EXECUTIVAS,VOLUNTÁRIOS SP,2023-03-14,4e8e65ef277a37c5107c956d8436a2ff
AE: HEAD,ÁREAS EXECUTIVAS,LIDERES ÁREAS EXECUTIVAS,VOLUNTÁRIOS SP,2024-02-20,e11403e79252ba3ff0dc0a492b286d55
AE: HEAD,ÁREAS EXECUTIVAS,LIDERES ÁREAS EXECUTIVAS,VOLUNTÁRIOS SP,2024-03-21,523d2c35453379597b6b4ac773b019ef
AE: HEAD,ÁREAS EXECUTIVAS,LIDERES ÁREAS EXECUTIVAS,VOLUNTÁRIOS SP,2024-01-03,8e7f2d552391f67adce69b39b1c914af
AE: HEAD,ÁREAS EXECUTIVAS,LIDERES ÁREAS EXECUTIVAS,VOLUNTÁRIOS SP,2021-07-16,30209bf6fa5e77ef92a40419e848e20a
AE: HEAD,ÁREAS EXECUTIVAS,MM - LIVESTREAM,AE: MULTIMÍDIA,2024-10-21,f54814183f114b489792bef8b2ca5323
AE: HEAD,ÁREAS EXECUTIVAS,MM - LIVESTREAM,AE: MULTIMÍDIA,2023-07-26,c8a987f43138c35cf391b47f7ba2d726
AE: LÍDER,ÁREAS EXECUTIVAS,LIDERES ÁREAS EXECUTIVAS,VOLUNTÁRIOS SP,2022-07-21,0a20a852f50e91c396f7e899f562b842
AE: LÍDER,ÁREAS EXECUTIVAS,LIDERES ÁREAS EXECUTIVAS,VOLUNTÁRIOS SP,2024-07-16,7309442b1766806c594d0bf2eeeb72dc
AE: LÍDER,ÁREAS EXECUTIVAS,LIDERES ÁREAS EXECUTIVAS,VOLUNTÁRIOS SP,2024-07-16,416bf1823f7a15a59b272fbea8c0e9b9
AE: LÍDER,ÁREAS EXECUTIVAS,LIDERES ÁREAS EXECUTIVAS,VOLUNTÁRIOS SP,2024-01-03,66363573628c11e455d8cae346f3d655
AE: LÍDER,ÁREAS EXECUTIVAS,LIDERES ÁREAS EXECUTIVAS,VOLUNTÁRIOS SP,2024-04-08,a302c2dfc0e3016b7e20873ca83248c3
AE: LÍDER,ÁREAS EXECUTIVAS,LIDERES ÁREAS EXECUTIVAS,VOLUNTÁRIOS SP,2023-07-18,b1ac375857dfe973cb1b9471246ce601
AE: LÍDER,ÁREAS EXECUTIVAS,LIDERES ÁREAS EXECUTIVAS,VOLUNTÁRIOS SP,2024-01-04,80255b02a4d635d405ed9f7f70733e41
AE: LÍDER,ÁREAS EXECUTIVAS,LIDERES ÁREAS EXECUTIVAS,VOLUNTÁRIOS SP,2023-01-10,531fcbeaec7293a358ac2adb0a33602f
AE: LÍDER,ÁREAS EXECUTIVAS,LIDERES ÁREAS EXECUTIVAS,VOLUNTÁRIOS SP,2025-02-26,12a2c72eb741292c30b3ebbab5d7a1af
AE: LÍDER,ÁREAS EXECUTIVAS,LIDERES ÁREAS EXECUTIVAS,VOLUNTÁRIOS SP,2022-03-30,7705cc3142e5633c0fcb28c2183b9e09
AE: LÍDER,ÁREAS EXECUTIVAS,LIDERES ÁREAS EXECUTIVAS,VOLUNTÁRIOS SP,2024-05-20,76f7bce7d5c47e6d85bc4cb3225be27b
AE: LÍDER,ÁREAS EXECUTIVAS,LIDERES ÁREAS EXECUTIVAS,VOLUNTÁRIOS SP,2025-03-04,0819ac29859dc31c1b374d884f73744c
AE: LÍDER,ÁREAS EXECUTIVAS,LIDERES ÁREAS EXECUTIVAS,VOLUNTÁRIOS SP,2024-01-04,195316fb7b672ef273de970edfeb261e
AE: LÍDER,ÁREAS EXECUTIVAS,LIDERES ÁREAS EXECUTIVAS,VOLUNTÁRIOS SP,2024-03-12,72e910d80fd6325721cb02258d0ce8d7
AE: LÍDER,ÁREAS EXECUTIVAS,LIDERES ÁREAS EXECUTIVAS,VOLUNTÁRIOS SP,2024-02-17,134dd06608639935717535dfabb3cf43
AE: LÍDER,ÁREAS EXECUTIVAS,LIDERES ÁREAS EXECUTIVAS,VOLUNTÁRIOS SP,2024-03-20,0e0c2b84dc0cb4dfe94cbc123a3365ce
AE: LÍDER,ÁREAS EXECUTIVAS,LIDERES ÁREAS EXECUTIVAS,VOLUNTÁRIOS SP,2024-03-12,638cf8640f3c2e4188ce1fbd1704ad79
AE: LÍDER,ÁREAS EXECUTIVAS,LIDERES ÁREAS EXECUTIVAS,VOLUNTÁRIOS SP,2022-07-21,24919edb9e57cc97baeaa9cbb349b64a
AE: LÍDER,ÁREAS EXECUTIVAS,LIDERES ÁREAS EXECUTIVAS,VOLUNTÁRIOS SP,2023-01-10,9f5f3d43dbe6bf97feefe3af8bd51422
AE: LÍDER,ÁREAS EXECUTIVAS,LIDERES ÁREAS EXECUTIVAS,VOLUNTÁRIOS SP,2024-09-06,48b4fe33a08949bd71d35cc7f9769026
AE: LÍDER,ÁREAS EXECUTIVAS,LIDERES ÁREAS EXECUTIVAS,VOLUNTÁRIOS SP,2023-10-04,2651adee33d824f3b84553565dfbf10d
AE: LÍDER,ÁREAS EXECUTIVAS,LIDERES ÁREAS EXECUTIVAS,VOLUNTÁRIOS SP,2023-11-22,6ffed17c8e0eaef8647be941b4710345
AE: LÍDER,ÁREAS EXECUTIVAS,LIDERES ÁREAS EXECUTIVAS,VOLUNTÁRIOS SP,2024-03-29,b1fc71d0e60ea2573c35bfaf468fe913
AE: LÍDER,ÁREAS EXECUTIVAS,LIDERES ÁREAS EXECUTIVAS,VOLUNTÁRIOS SP,2024-10-02,33df8f3e45e8a0cf6a9996108ce0d5ce
AE: LÍDER,ÁREAS EXECUTIVAS,LIDERES ÁREAS EXECUTIVAS,VOLUNTÁRIOS SP,2024-02-17,4332a91de7951dacc40003690a00ad7a
AE: LÍDER,ÁREAS EXECUTIVAS,LIDERES ÁREAS EXECUTIVAS,VOLUNTÁRIOS SP,2023-03-14,be06b4bf3f9bfffd71027f6b1ccf4a7c
AE: LÍDER,ÁREAS EXECUTIVAS,LIDERES ÁREAS EXECUTIVAS,VOLUNTÁRIOS SP,2024-01-04,219e804e20d7971e434ef5d9c4404082
AE: LÍDER,ÁREAS EXECUTIVAS,LIDERES ÁREAS EXECUTIVAS,VOLUNTÁRIOS SP,2023-11-14,0db07d3e30491c4055c3e903afbcb7af
AE: LÍDER,ÁREAS EXECUTIVAS,LIDERES ÁREAS EXECUTIVAS,VOLUNTÁRIOS SP,2023-03-14,000feec7a3a8b5644aa39f8a4c3804ba
AE: LÍDER,ÁREAS EXECUTIVAS,LIDERES ÁREAS EXECUTIVAS,VOLUNTÁRIOS SP,2023-03-31,5f64325a937667d2d621a25407770575
AE: LÍDER,ÁREAS EXECUTIVAS,LIDERES ÁREAS EXECUTIVAS,VOLUNTÁRIOS SP,2024-02-06,aaa3c76dadd3cc929659a7c6c28929ca
AE: LÍDER,ÁREAS EXECUTIVAS,LIDERES ÁREAS EXECUTIVAS,VOLUNTÁRIOS SP,2024-08-27,42fad5bcadf3ce536ad88b089ff8c55a
AE: LÍDER,ÁREAS EXECUTIVAS,LIDERES ÁREAS EXECUTIVAS,VOLUNTÁRIOS SP,2024-08-27,84604e9074c26ee3b87c8552e4f0e1a6
AE: LÍDER,ÁREAS EXECUTIVAS,LIDERES ÁREAS EXECUTIVAS,VOLUNTÁRIOS SP,2022-11-08,98b74d124c7d215d4882c266b9e7cb8b
AE: LÍDER,ÁREAS EXECUTIVAS,LIDERES ÁREAS EXECUTIVAS,VOLUNTÁRIOS SP,2022-07-21,ab6575ece7ff045940d7b764d8a937ed
AE: LÍDER,ÁREAS EXECUTIVAS,LIDERES ÁREAS EXECUTIVAS,VOLUNTÁRIOS SP,2025-02-25,059b32a15d5dc222e25f727597a5671a
AE: LÍDER,ÁREAS EXECUTIVAS,LIDERES ÁREAS EXECUTIVAS,VOLUNTÁRIOS SP,2024-09-06,575004c2de5fe1adb915621a31caaf0c
AE: LÍDER,ÁREAS EXECUTIVAS,LIDERES ÁREAS EXECUTIVAS,VOLUNTÁRIOS SP,2023-03-28,a6168eb0e034622e3bc4cad2dcb64958
AE: LÍDER,ÁREAS EXECUTIVAS,LIDERES ÁREAS EXECUTIVAS,VOLUNTÁRIOS SP,2024-08-27,16e1338780f9a4b58c6725ac78605911
AE: LÍDER,ÁREAS EXECUTIVAS,LIDERES ÁREAS EXECUTIVAS,VOLUNTÁRIOS SP,2024-03-14,b870826725a5138f75923d98f8695e02
AE: LÍDER,ÁREAS EXECUTIVAS,LIDERES ÁREAS EXECUTIVAS,VOLUNTÁRIOS SP,2024-09-27,11a22a5e56731322bbdf282aa2405db3
AE: LÍDER,ÁREAS EXECUTIVAS,LIDERES ÁREAS EXECUTIVAS,VOLUNTÁRIOS SP,2024-03-25,2be9f1d3a09a64c82388a95f90cdce3a
AE: LÍDER,ÁREAS EXECUTIVAS,LIDERES ÁREAS EXECUTIVAS,VOLUNTÁRIOS SP,2024-07-02,7ca1001c08ee60d542f71224c56fb2dc
AE: LÍDER,ÁREAS EXECUTIVAS,MM - COMUNICAÇÃO RISE,AE: MULTIMÍDIA,2025-05-19,be5be84d191a9b6873d8841dfa06c62a
AE: LÍDER,ÁREAS EXECUTIVAS,MM - EKLEKTOS - FOTOGRAFIA,AE: MULTIMÍDIA,2025-04-29,c795e09d086f7e72aeba65a4178de598
AE: LÍDER,ÁREAS EXECUTIVAS,MM - EKLEKTOS - GRAPHIC CONTENT,AE: MULTIMÍDIA,2025-04-29,e5b76adc55c90d123120dec9d77671de
AE: LÍDER,ÁREAS EXECUTIVAS,MM - GRAPHIC CONTENT,AE: MULTIMÍDIA,2021-04-18,2027f24e30fa788940bfaa1d5c693927
AE: LÍDER,ÁREAS EXECUTIVAS,MM - GRAPHIC CONTENT RISE,AE: MULTIMÍDIA,2025-11-25,527ea12abb39dd29a7972439519bd8e0
AE: LÍDER,ÁREAS EXECUTIVAS,MM - LIVESTREAM RISE,AE: MULTIMÍDIA,2024-11-28,ed59e7af07e1536ec9f9d8b78699b70d
AE: LÍDER,ÁREAS EXECUTIVAS,MM - VOX - BACKSTAGE & MANAGER ,AE: MULTIMÍDIA,2023-11-09,b719d92c378bcedbbd9f92cb796af69e
AE: LÍDER,ÁREAS EXECUTIVAS,MM - VOX - LIVESTREAM,AE: MULTIMÍDIA,1969-12-31,b870826725a5138f75923d98f8695e02
AE: LÍDER,ÁREAS EXECUTIVAS,OP - MANAGER,AE: OPERAÇÕES,2025-04-24,7705cc3142e5633c0fcb28c2183b9e09
AE: LÍDER,ÁREAS EXECUTIVAS,OP - MANAGER,AE: OPERAÇÕES,2026-02-12,990a9d9dc5eeb342b576c5ea50afb800
AE: LÍDER,ÁREAS EXECUTIVAS,OP - MANAGER,AE: OPERAÇÕES,2025-10-29,c5aec067aecc5df62c2de83005ea585b
AE: LÍDER,ÁREAS EXECUTIVAS,OP - MANAGER,AE: OPERAÇÕES,2026-01-15,2be9f1d3a09a64c82388a95f90cdce3a
AE: LÍDER,ÁREAS EXECUTIVAS,OP - MANAGER EKLEKTOS,AE: OPERAÇÕES,2025-06-22,165f032e648a5d04db0f1a005d36693d
AE: LÍDER,ÁREAS EXECUTIVAS,OP - MANAGER EKLEKTOS,AE: OPERAÇÕES,2025-06-22,f0df18927c504f630f204f73f98cd888
AE: LÍDER,ÁREAS EXECUTIVAS,OP - MANAGER FLOW,AE: OPERAÇÕES,2023-11-09,134dd06608639935717535dfabb3cf43
AE: LÍDER,ÁREAS EXECUTIVAS,OP - MANAGER FLOW,AE: OPERAÇÕES,2025-06-22,c5aec067aecc5df62c2de83005ea585b
AE: LÍDER,ÁREAS EXECUTIVAS,OP - MANAGER VOX,AE: OPERAÇÕES,2025-06-22,318e6d8c8dfed9e12daf9234abcf693d
AE: LÍDER,ÁREAS EXECUTIVAS,OP - OHANA CAFÉ EKLEKTOS TIME 1,AE: OPERAÇÕES,2023-11-09,2b3989f3e4fc15593495f310d952c02d
AE: LÍDER,ÁREAS EXECUTIVAS,OP - OHANA CAFÉ RISE TIME 1,AE: OPERAÇÕES,2024-01-18,f9d7e6db7aae9783fa5a0632e751fb26
AE: LÍDER,ÁREAS EXECUTIVAS,OP - OHANA CAFÉ RISE TIME 1,AE: OPERAÇÕES,2024-01-18,c976d507b50751a4dc5fe68af731026a
AE: VOLUNTÁRIO,ÁREAS EXECUTIVAS,MM - BACKSTAGE,AE: MULTIMÍDIA,2020-11-15,1a616c59d217ff7c371e1b588635cc0f
AE: VOLUNTÁRIO,ÁREAS EXECUTIVAS,MM - BACKSTAGE,AE: MULTIMÍDIA,2024-07-07,8086346e49a486238f6a77bd747caf99
AE: VOLUNTÁRIO,ÁREAS EXECUTIVAS,MM - BACKSTAGE,AE: MULTIMÍDIA,2025-04-01,cba066e151ebeebd336da7ea3565b0d3
AE: VOLUNTÁRIO,ÁREAS EXECUTIVAS,MM - BACKSTAGE,AE: MULTIMÍDIA,2025-08-26,c9cebeda0a8297369317142fe83281de
AE: VOLUNTÁRIO,ÁREAS EXECUTIVAS,MM - BACKSTAGE,AE: MULTIMÍDIA,2022-07-08,9c8d45ad019f9418377f9b4e88e39d03
AE: VOLUNTÁRIO,ÁREAS EXECUTIVAS,MM - BACKSTAGE,AE: MULTIMÍDIA,2024-11-05,3bfbb6eea21408bdcbfdf21b8e78b768
AE: VOLUNTÁRIO,ÁREAS EXECUTIVAS,MM - BACKSTAGE,AE: MULTIMÍDIA,2025-04-16,b9cd075372571b766fb075f5d5f4c630
AE: VOLUNTÁRIO,ÁREAS EXECUTIVAS,MM - BACKSTAGE,AE: MULTIMÍDIA,2023-07-28,e72f7d4cc72fb4b65c390c12222a079a
AE: VOLUNTÁRIO,ÁREAS EXECUTIVAS,MM - BACKSTAGE,AE: MULTIMÍDIA,2024-09-08,ad164833ce40b9f8ccf0628b0b3bb45b
AE: VOLUNTÁRIO,ÁREAS EXECUTIVAS,MM - BACKSTAGE,AE: MULTIMÍDIA,2024-11-05,63301c07b8658534234d5cc30a452a09
AE: VOLUNTÁRIO,ÁREAS EXECUTIVAS,MM - BACKSTAGE,AE: MULTIMÍDIA,2023-07-28,c7865bc2483682d3af484d80dbdf7528
AE: VOLUNTÁRIO,ÁREAS EXECUTIVAS,MM - BACKSTAGE,AE: MULTIMÍDIA,2024-08-04,91f8d73eeb35e0ed73e04d6508c3ce17
AE: VOLUNTÁRIO,ÁREAS EXECUTIVAS,MM - BACKSTAGE,AE: MULTIMÍDIA,2023-11-11,4301220177a76a37a9a09ebbd915cd73
AE: VOLUNTÁRIO,ÁREAS EXECUTIVAS,MM - BACKSTAGE,AE: MULTIMÍDIA,2022-07-08,14de83b5ee5c0d0c39575fb9449fdb1f
AE: VOLUNTÁRIO,ÁREAS EXECUTIVAS,MM - BACKSTAGE,AE: MULTIMÍDIA,2023-07-28,f1e5d937bbfb27267e6d21cf5e9dfd73
AE: VOLUNTÁRIO,ÁREAS EXECUTIVAS,MM - BACKSTAGE,AE: MULTIMÍDIA,2023-11-11,9b0783c902b36491e8aa2dff46b216a5
AE: VOLUNTÁRIO,ÁREAS EXECUTIVAS,MM - BACKSTAGE,AE: MULTIMÍDIA,2023-07-28,54aed01428e06c7dd7c6d709481507da
AE: VOLUNTÁRIO,ÁREAS EXECUTIVAS,MM - BACKSTAGE,AE: MULTIMÍDIA,2020-11-19,3197abddfc7c0b2c1bfdd96d48328e99
AE: VOLUNTÁRIO,ÁREAS EXECUTIVAS,MM - BACKSTAGE RISE,AE: MULTIMÍDIA,2024-12-02,01a058cc53f18b0c85cebc278ff151ea
AE: VOLUNTÁRIO,ÁREAS EXECUTIVAS,MM - COMUNICAÇÃO RISE,AE: MULTIMÍDIA,2024-12-02,1d1fce5d4f1f8a98bde23d453735cc46
AE: VOLUNTÁRIO,ÁREAS EXECUTIVAS,MM - COMUNICAÇÃO RISE,AE: MULTIMÍDIA,2024-12-02,864a7a9a8f9654adc4c26ccac0885762
AE: VOLUNTÁRIO,ÁREAS EXECUTIVAS,MM - COMUNICAÇÃO RISE,AE: MULTIMÍDIA,2025-05-19,a5568c55f652ef1aa816934540ff4363
AE: VOLUNTÁRIO,ÁREAS EXECUTIVAS,MM - COMUNICAÇÃO RISE,AE: MULTIMÍDIA,2024-12-02,6bf3187d9795afebd0cac5177aa7b382
AE: VOLUNTÁRIO,ÁREAS EXECUTIVAS,MM - COMUNICAÇÃO RISE,AE: MULTIMÍDIA,2024-12-02,4a1c6d50536a6738d7ccf3c7c49eb2b0
AE: VOLUNTÁRIO,ÁREAS EXECUTIVAS,MM - COMUNICAÇÃO RISE,AE: MULTIMÍDIA,2024-12-02,fbcf3500c1967b460d62ba476b24f447
AE: VOLUNTÁRIO,ÁREAS EXECUTIVAS,MM - COMUNICAÇÃO RISE,AE: MULTIMÍDIA,2024-12-02,c9dbfe62f3ba8722424711c5b1ef8044
AE: VOLUNTÁRIO,ÁREAS EXECUTIVAS,MM - COMUNICAÇÃO RISE,AE: MULTIMÍDIA,2025-05-20,0368f8bcec6128ec2f5aa5cd98236b16
AE: VOLUNTÁRIO,ÁREAS EXECUTIVAS,MM - COMUNICAÇÃO RISE,AE: MULTIMÍDIA,2024-12-02,114390c11471fa683ccb453019a760a3
AE: VOLUNTÁRIO,ÁREAS EXECUTIVAS,MM - COMUNICAÇÃO RISE,AE: MULTIMÍDIA,2024-12-02,7e7add26d140a3c05ba79c90cee7f7b1
AE: VOLUNTÁRIO,ÁREAS EXECUTIVAS,MM - COMUNICAÇÃO RISE,AE: MULTIMÍDIA,2024-12-02,0e529f8694d3a41408e004e1bc1f53bf
AE: VOLUNTÁRIO,ÁREAS EXECUTIVAS,MM - COMUNICAÇÃO RISE,AE: MULTIMÍDIA,2024-12-02,b6553fbc5756beb703573b1b1aa39a19
AE: VOLUNTÁRIO,ÁREAS EXECUTIVAS,MM - COMUNICAÇÃO RISE,AE: MULTIMÍDIA,2024-12-02,702241ab4ef94bcd4a593b7ddf01101a
AE: VOLUNTÁRIO,ÁREAS EXECUTIVAS,MM - DEVELOPERS,AE: MULTIMÍDIA,2024-08-03,3636d2820f843c10d7aa67b44946f696
AE: VOLUNTÁRIO,ÁREAS EXECUTIVAS,MM - EKLEKTOS - BACKSTAGE,AE: MULTIMÍDIA,2024-02-09,8086346e49a486238f6a77bd747caf99
AE: VOLUNTÁRIO,ÁREAS EXECUTIVAS,MM - EKLEKTOS - BACKSTAGE,AE: MULTIMÍDIA,2024-08-21,cba066e151ebeebd336da7ea3565b0d3
AE: VOLUNTÁRIO,ÁREAS EXECUTIVAS,MM - EKLEKTOS - BACKSTAGE,AE: MULTIMÍDIA,2025-03-03,ec811c23f86bb75b518cc7939c5bd5f9
AE: VOLUNTÁRIO,ÁREAS EXECUTIVAS,MM - EKLEKTOS - BACKSTAGE,AE: MULTIMÍDIA,2024-08-21,3bfbb6eea21408bdcbfdf21b8e78b768
AE: VOLUNTÁRIO,ÁREAS EXECUTIVAS,MM - EKLEKTOS - BACKSTAGE,AE: MULTIMÍDIA,2024-08-26,63301c07b8658534234d5cc30a452a09
AE: VOLUNTÁRIO,ÁREAS EXECUTIVAS,MM - EKLEKTOS - BACKSTAGE,AE: MULTIMÍDIA,2024-08-21,494c7295dc770533cbed2f2b52471b12
AE: VOLUNTÁRIO,ÁREAS EXECUTIVAS,MM - EKLEKTOS - BACKSTAGE,AE: MULTIMÍDIA,2023-07-28,9b0783c902b36491e8aa2dff46b216a5
AE: VOLUNTÁRIO,ÁREAS EXECUTIVAS,MM - EKLEKTOS - BACKSTAGE,AE: MULTIMÍDIA,2025-05-27,cda3eb8019be4ffe5cf1d53edc78d389
AE: VOLUNTÁRIO,ÁREAS EXECUTIVAS,MM - EKLEKTOS - BACKSTAGE,AE: MULTIMÍDIA,2024-10-04,f8fe821bd7d0bb0300ca1b6a9846206a
AE: VOLUNTÁRIO,ÁREAS EXECUTIVAS,MM - EKLEKTOS - BACKSTAGE,AE: MULTIMÍDIA,2025-03-03,1c4d4a034a5b4ee16e9a64f673385cb4
AE: VOLUNTÁRIO,ÁREAS EXECUTIVAS,MM - EKLEKTOS - GRAPHIC CONTENT,AE: MULTIMÍDIA,2025-05-03,14242cb836bd736d7fa15106dcf8a85d
AE: VOLUNTÁRIO,ÁREAS EXECUTIVAS,MM - EKLEKTOS - GRAPHIC CONTENT,AE: MULTIMÍDIA,2025-05-03,13eb2519d27ce6a620c05a2646ae49ac
AE: VOLUNTÁRIO,ÁREAS EXECUTIVAS,MM - EKLEKTOS - GRAPHIC CONTENT,AE: MULTIMÍDIA,2025-05-03,17c2db9360907ebdcddc620d9bdb982f
AE: VOLUNTÁRIO,ÁREAS EXECUTIVAS,MM - EKLEKTOS - GRAPHIC CONTENT,AE: MULTIMÍDIA,2025-05-03,037918e8817db5a651212ab8da3e6a20
AE: VOLUNTÁRIO,ÁREAS EXECUTIVAS,MM - EKLEKTOS - GRAPHIC CONTENT,AE: MULTIMÍDIA,2025-05-03,215aac860b9e5e8120b2548b593d9fae
AE: VOLUNTÁRIO,ÁREAS EXECUTIVAS,MM - EKLEKTOS COMUNICAÇÃO,AE: MULTIMÍDIA,2023-11-22,99885728e22824263614ee15361bd697
AE: VOLUNTÁRIO,ÁREAS EXECUTIVAS,MM - EKLEKTOS COMUNICAÇÃO,AE: MULTIMÍDIA,2023-05-02,1bd548c741d4e6de227554c3d000d327
AE: VOLUNTÁRIO,ÁREAS EXECUTIVAS,MM - EKLEKTOS COMUNICAÇÃO,AE: MULTIMÍDIA,2023-11-22,aacfe07eb2d78c1ba4c7a363a7c5bf20
AE: VOLUNTÁRIO,ÁREAS EXECUTIVAS,MM - EKLEKTOS COMUNICAÇÃO,AE: MULTIMÍDIA,2023-11-22,f9d7e6db7aae9783fa5a0632e751fb26
AE: VOLUNTÁRIO,ÁREAS EXECUTIVAS,MM - EKLEKTOS COMUNICAÇÃO,AE: MULTIMÍDIA,2023-11-22,f3beaa384db654e92976e4e2e24c7c6f
AE: VOLUNTÁRIO,ÁREAS EXECUTIVAS,MM - EKLEKTOS COMUNICAÇÃO,AE: MULTIMÍDIA,2023-11-22,d38c5e20c93a1fc50012417619eb2621
AE: VOLUNTÁRIO,ÁREAS EXECUTIVAS,MM - EKLEKTOS COMUNICAÇÃO,AE: MULTIMÍDIA,2023-11-22,2e7fad1f251c1d0e9648a1c9abb9b974
AE: VOLUNTÁRIO,ÁREAS EXECUTIVAS,MM - EKLEKTOS COMUNICAÇÃO,AE: MULTIMÍDIA,2023-11-22,f1c1c6ccba8ac92f1b76176bb0e2cc74
AE: VOLUNTÁRIO,ÁREAS EXECUTIVAS,MM - EKLEKTOS COMUNICAÇÃO,AE: MULTIMÍDIA,2023-11-22,195d1284b38b9e5c3cc170dad669abf3
AE: VOLUNTÁRIO,ÁREAS EXECUTIVAS,MM - EKLEKTOS COMUNICAÇÃO,AE: MULTIMÍDIA,2023-08-29,b90dd115b9b0acac2cceda0b034a8fb5
AE: VOLUNTÁRIO,ÁREAS EXECUTIVAS,MM - EKLEKTOS COMUNICAÇÃO,AE: MULTIMÍDIA,2023-11-22,2a8a460f6a46dbd563e21d7bfa8141e6
AE: VOLUNTÁRIO,ÁREAS EXECUTIVAS,MM - EKLEKTOS COMUNICAÇÃO,AE: MULTIMÍDIA,2023-11-22,52a35fe813fd9648a0306df66b16df04
AE: VOLUNTÁRIO,ÁREAS EXECUTIVAS,MM - EKLEKTOS COMUNICAÇÃO,AE: MULTIMÍDIA,2023-11-22,d2826f902e3c235fd7f9bf266824c917
AE: VOLUNTÁRIO,ÁREAS EXECUTIVAS,MM - FOTOGRAFIA,AE: MULTIMÍDIA,2024-10-02,5d2ade333c5b0dc328faafaf02f92dcd
AE: VOLUNTÁRIO,ÁREAS EXECUTIVAS,MM - FOTOGRAFIA,AE: MULTIMÍDIA,2024-10-02,6919dfe6e896c701a5533d6b91307816
AE: VOLUNTÁRIO,ÁREAS EXECUTIVAS,MM - FOTOGRAFIA,AE: MULTIMÍDIA,2024-06-25,9c7983928eb51db9f46dfd023b34b6f1
AE: VOLUNTÁRIO,ÁREAS EXECUTIVAS,MM - FOTOGRAFIA,AE: MULTIMÍDIA,2024-10-31,d90c8734f13f0b3918c2012721dc3b7a
AE: VOLUNTÁRIO,ÁREAS EXECUTIVAS,MM - FOTOGRAFIA,AE: MULTIMÍDIA,2025-09-09,0bd487164b3cd8e671315dbeef6b02bc
AE: VOLUNTÁRIO,ÁREAS EXECUTIVAS,MM - FOTOGRAFIA,AE: MULTIMÍDIA,2026-02-12,2e4fed1d35095d8bd60c5a9d6389c95f
AE: VOLUNTÁRIO,ÁREAS EXECUTIVAS,MM - FOTOGRAFIA,AE: MULTIMÍDIA,2024-07-17,b7027c8ab9f5b5afb1ac586158101510
AE: VOLUNTÁRIO,ÁREAS EXECUTIVAS,MM - FOTOGRAFIA,AE: MULTIMÍDIA,2026-02-12,075856e62a87c5461b82191d145cb959
AE: VOLUNTÁRIO,ÁREAS EXECUTIVAS,MM - FOTOGRAFIA,AE: MULTIMÍDIA,2024-12-21,76cabca7cd92090abaf21cf428fd9925
AE: VOLUNTÁRIO,ÁREAS EXECUTIVAS,MM - FOTOGRAFIA,AE: MULTIMÍDIA,2022-12-14,3816b8fc2ff035b2497b9f546938b813
AE: VOLUNTÁRIO,ÁREAS EXECUTIVAS,MM - FOTOGRAFIA,AE: MULTIMÍDIA,2024-12-01,ce765eaf41b9227270d66f5e27b5b3cf
AE: VOLUNTÁRIO,ÁREAS EXECUTIVAS,MM - FOTOGRAFIA,AE: MULTIMÍDIA,2025-01-10,40d2747a5d1f100c45317b136b178a9c
AE: VOLUNTÁRIO,ÁREAS EXECUTIVAS,MM - FOTOGRAFIA,AE: MULTIMÍDIA,2024-12-01,50f2e254e84284e37d0b4d8b72a54bdd
AE: VOLUNTÁRIO,ÁREAS EXECUTIVAS,MM - FOTOGRAFIA,AE: MULTIMÍDIA,2024-03-24,1728522263343d2121afb9a77d425c0a
AE: VOLUNTÁRIO,ÁREAS EXECUTIVAS,MM - FOTOGRAFIA,AE: MULTIMÍDIA,2022-12-14,da46345b7ee574eb5a62ee5e4b83c67b
AE: VOLUNTÁRIO,ÁREAS EXECUTIVAS,MM - FOTOGRAFIA,AE: MULTIMÍDIA,2021-11-15,96adb109b28d5ee24d0f823cf088fdfc
AE: VOLUNTÁRIO,ÁREAS EXECUTIVAS,MM - FOTOGRAFIA,AE: MULTIMÍDIA,2024-05-31,5d5e4dd19779302dc0eb48b2d0001fd3
AE: VOLUNTÁRIO,ÁREAS EXECUTIVAS,MM - FOTOGRAFIA,AE: MULTIMÍDIA,2024-06-25,3fa2d7a518d2d7d83e7db52834f5568e
AE: VOLUNTÁRIO,ÁREAS EXECUTIVAS,MM - FOTOGRAFIA,AE: MULTIMÍDIA,2024-12-21,320a1aed2b354a0671b41ceb44636f57
AE: VOLUNTÁRIO,ÁREAS EXECUTIVAS,MM - FOTOGRAFIA,AE: MULTIMÍDIA,2024-12-21,f4379e33dda303d68de25d448b74b8f9
AE: VOLUNTÁRIO,ÁREAS EXECUTIVAS,MM - FOTOGRAFIA,AE: MULTIMÍDIA,2023-11-14,4f05994133f3a4a37a908a84842d23d5
AE: VOLUNTÁRIO,ÁREAS EXECUTIVAS,MM - FOTOGRAFIA,AE: MULTIMÍDIA,2023-07-25,c606afc8e9f48dbfd81ab050082231a6
AE: VOLUNTÁRIO,ÁREAS EXECUTIVAS,MM - FOTOGRAFIA,AE: MULTIMÍDIA,2023-04-10,266d69e1563249eba85abff5672a5f55
AE: VOLUNTÁRIO,ÁREAS EXECUTIVAS,MM - FOTOGRAFIA,AE: MULTIMÍDIA,2026-02-12,78323f3045d23a34ecf6c0e11564fa82
AE: VOLUNTÁRIO,ÁREAS EXECUTIVAS,MM - FOTOGRAFIA,AE: MULTIMÍDIA,2024-04-24,c795e09d086f7e72aeba65a4178de598
AE: VOLUNTÁRIO,ÁREAS EXECUTIVAS,MM - FOTOGRAFIA,AE: MULTIMÍDIA,2024-02-04,b4a816d39bd3e37b157bc79ed5e823ec
AE: VOLUNTÁRIO,ÁREAS EXECUTIVAS,MM - GRAPHIC CONTENT,AE: MULTIMÍDIA,2024-08-13,13eb2519d27ce6a620c05a2646ae49ac
AE: VOLUNTÁRIO,ÁREAS EXECUTIVAS,MM - GRAPHIC CONTENT,AE: MULTIMÍDIA,2025-08-15,279f811a61a7d80e61c5734a9a106c5f
AE: VOLUNTÁRIO,ÁREAS EXECUTIVAS,MM - GRAPHIC CONTENT,AE: MULTIMÍDIA,2025-03-28,17c2db9360907ebdcddc620d9bdb982f
AE: VOLUNTÁRIO,ÁREAS EXECUTIVAS,MM - GRAPHIC CONTENT,AE: MULTIMÍDIA,2024-08-13,5db6f68546d98e43aade325672c59d22
AE: VOLUNTÁRIO,ÁREAS EXECUTIVAS,MM - GRAPHIC CONTENT,AE: MULTIMÍDIA,2024-10-04,bf5e420f6267c6b9e65e56b3f3fe7f91
AE: VOLUNTÁRIO,ÁREAS EXECUTIVAS,MM - GRAPHIC CONTENT,AE: MULTIMÍDIA,2024-02-22,98ff4d87665be676d33c272b0e3d226d
AE: VOLUNTÁRIO,ÁREAS EXECUTIVAS,MM - GRAPHIC CONTENT RISE,AE: MULTIMÍDIA,2024-12-02,7189cd54a3a6888f6b04155c167863c6
AE: VOLUNTÁRIO,ÁREAS EXECUTIVAS,MM - GRAPHIC CONTENT RISE,AE: MULTIMÍDIA,2025-02-27,566e23e9181a695dc2940fd9da5f2614
AE: VOLUNTÁRIO,ÁREAS EXECUTIVAS,MM - GRAPHIC CONTENT RISE,AE: MULTIMÍDIA,2024-12-02,08914784a7645d464e066abbaad7c611
AE: VOLUNTÁRIO,ÁREAS EXECUTIVAS,MM - GRAPHIC CONTENT RISE,AE: MULTIMÍDIA,2024-12-02,bd763eb9ec4c6f68a977fef281050539
AE: VOLUNTÁRIO,ÁREAS EXECUTIVAS,MM - GRAPHIC CONTENT RISE,AE: MULTIMÍDIA,2024-12-02,03fed1673dd7f46889e91a76ff859fd1
AE: VOLUNTÁRIO,ÁREAS EXECUTIVAS,MM - GRAPHIC CONTENT RISE,AE: MULTIMÍDIA,2024-12-02,c6e46e0446bb3ce8064ed7b9f43775ed
AE: VOLUNTÁRIO,ÁREAS EXECUTIVAS,MM - LIVESTREAM,AE: MULTIMÍDIA,2025-06-28,bfc7c3a11a1afdf2b64c726fe0eb436f
AE: VOLUNTÁRIO,ÁREAS EXECUTIVAS,MM - LIVESTREAM,AE: MULTIMÍDIA,2025-11-23,4b7198ab2205e0f477b0b3e6d8b33449
AE: VOLUNTÁRIO,ÁREAS EXECUTIVAS,MM - LIVESTREAM,AE: MULTIMÍDIA,2025-11-23,daa7ad29814f03c197ef8029369df56e
AE: VOLUNTÁRIO,ÁREAS EXECUTIVAS,MM - LIVESTREAM,AE: MULTIMÍDIA,2025-08-25,fbdb72a61361ed67762af66ab565d7af
AE: VOLUNTÁRIO,ÁREAS EXECUTIVAS,MM - LIVESTREAM,AE: MULTIMÍDIA,2025-04-05,288573a975ff3ebcff82d1d1c8453657
AE: VOLUNTÁRIO,ÁREAS EXECUTIVAS,MM - LIVESTREAM,AE: MULTIMÍDIA,2025-09-28,e77ca566781e6764555383aea42a6246
AE: VOLUNTÁRIO,ÁREAS EXECUTIVAS,MM - LIVESTREAM,AE: MULTIMÍDIA,2024-12-09,debfcaa7f6a84beb7af0995063c93b0e
AE: VOLUNTÁRIO,ÁREAS EXECUTIVAS,MM - LIVESTREAM,AE: MULTIMÍDIA,2025-09-02,269c53b212ba502c65f3f2940e764d58
AE: VOLUNTÁRIO,ÁREAS EXECUTIVAS,MM - LIVESTREAM,AE: MULTIMÍDIA,2025-07-31,73d184ff37470ee18ba48449e80388b1
AE: VOLUNTÁRIO,ÁREAS EXECUTIVAS,MM - LIVESTREAM,AE: MULTIMÍDIA,2025-08-19,ccb191fa567a4879063dd4cdbda39882
AE: VOLUNTÁRIO,ÁREAS EXECUTIVAS,MM - LIVESTREAM,AE: MULTIMÍDIA,2025-07-31,0302cfda800e3d1ce58d171c8a1073dc
AE: VOLUNTÁRIO,ÁREAS EXECUTIVAS,MM - LIVESTREAM,AE: MULTIMÍDIA,2025-06-28,4f787a7681f3f05bfa3f8169ce4572fc
AE: VOLUNTÁRIO,ÁREAS EXECUTIVAS,MM - LIVESTREAM,AE: MULTIMÍDIA,2025-11-30,a4f47c23b7ffc008b6b59401d822b13a
AE: VOLUNTÁRIO,ÁREAS EXECUTIVAS,MM - LIVESTREAM,AE: MULTIMÍDIA,2025-11-30,02469dbfdbc8d4e6fd1af36850675bc3
AE: VOLUNTÁRIO,ÁREAS EXECUTIVAS,MM - LIVESTREAM,AE: MULTIMÍDIA,2025-08-06,5714f37694a336d554f524b436dcf4eb
AE: VOLUNTÁRIO,ÁREAS EXECUTIVAS,MM - LIVESTREAM,AE: MULTIMÍDIA,2025-11-30,b5d962ede3a15c2410db936100c34c7b
AE: VOLUNTÁRIO,ÁREAS EXECUTIVAS,MM - LIVESTREAM,AE: MULTIMÍDIA,2026-01-19,ae6f226bf40538b77519776c45d52edf
AE: VOLUNTÁRIO,ÁREAS EXECUTIVAS,MM - LIVESTREAM,AE: MULTIMÍDIA,2024-04-28,2bdb240f7181be2c50081c9e2b453d94
AE: VOLUNTÁRIO,ÁREAS EXECUTIVAS,MM - LIVESTREAM,AE: MULTIMÍDIA,2025-12-14,bc51bdb71c5e243cdc71debedfea32ca
AE: VOLUNTÁRIO,ÁREAS EXECUTIVAS,MM - LIVESTREAM,AE: MULTIMÍDIA,2022-02-20,003aa5197ac95012076ff73d400558d1
AE: VOLUNTÁRIO,ÁREAS EXECUTIVAS,MM - LIVESTREAM,AE: MULTIMÍDIA,2025-09-22,9068cbc8d7a63961998db34e8d7cd4c1
AE: VOLUNTÁRIO,ÁREAS EXECUTIVAS,MM - LIVESTREAM,AE: MULTIMÍDIA,2025-12-01,1df8dbd0d971b99bf9f3c1e182326d0f
AE: VOLUNTÁRIO,ÁREAS EXECUTIVAS,MM - LIVESTREAM,AE: MULTIMÍDIA,2024-05-04,494abc765a6c5ceb46975b3b682152b7
AE: VOLUNTÁRIO,ÁREAS EXECUTIVAS,MM - LIVESTREAM,AE: MULTIMÍDIA,2025-09-22,65492075de51d785c71842688d6b0063
AE: VOLUNTÁRIO,ÁREAS EXECUTIVAS,MM - LIVESTREAM,AE: MULTIMÍDIA,2025-09-02,8e627a8100286d26b10b261c3a77ed24
AE: VOLUNTÁRIO,ÁREAS EXECUTIVAS,MM - LIVESTREAM,AE: MULTIMÍDIA,2025-11-30,b95555fe1f759310c910e53f66e6acbe
AE: VOLUNTÁRIO,ÁREAS EXECUTIVAS,MM - LIVESTREAM,AE: MULTIMÍDIA,2025-12-14,6c0168dfa00712a97536020dec1bfb3d
AE: VOLUNTÁRIO,ÁREAS EXECUTIVAS,MM - LIVESTREAM,AE: MULTIMÍDIA,2024-10-21,56a3ca036336274eacef30b078257a2b
AE: VOLUNTÁRIO,ÁREAS EXECUTIVAS,MM - LIVESTREAM,AE: MULTIMÍDIA,2025-04-05,6e2e9c34268e108dd74fe6e2fb769a6a
AE: VOLUNTÁRIO,ÁREAS EXECUTIVAS,MM - LIVESTREAM,AE: MULTIMÍDIA,2025-09-02,aaca4fae5455c8426df913cfef8d58cc
AE: VOLUNTÁRIO,ÁREAS EXECUTIVAS,MM - LIVESTREAM,AE: MULTIMÍDIA,2025-09-28,b777c1a1bafd8137513ed7beb8daaa8f
AE: VOLUNTÁRIO,ÁREAS EXECUTIVAS,MM - LIVESTREAM,AE: MULTIMÍDIA,2025-09-02,c980260eae68103ac3b0d8536c5fb433
AE: VOLUNTÁRIO,ÁREAS EXECUTIVAS,MM - LIVESTREAM,AE: MULTIMÍDIA,2025-11-30,057d65f7274c95bf7b765ae395d60806
AE: VOLUNTÁRIO,ÁREAS EXECUTIVAS,MM - LIVESTREAM,AE: MULTIMÍDIA,2026-01-07,5a497013c9b194834edaaf9e8c492d50
AE: VOLUNTÁRIO,ÁREAS EXECUTIVAS,MM - LIVESTREAM,AE: MULTIMÍDIA,2025-04-17,fef73cb474e8444b80934b01f1b5ad76
AE: VOLUNTÁRIO,ÁREAS EXECUTIVAS,MM - LIVESTREAM,AE: MULTIMÍDIA,2025-11-18,21f8583cc6b160725414a6972cfb13a0
AE: VOLUNTÁRIO,ÁREAS EXECUTIVAS,MM - LIVESTREAM,AE: MULTIMÍDIA,2024-07-13,5090c254fff2ec05095ee5f9551172bd
AE: VOLUNTÁRIO,ÁREAS EXECUTIVAS,MM - LIVESTREAM,AE: MULTIMÍDIA,2025-12-09,c742aa5376908ceed49393ef7cb2b8b0
AE: VOLUNTÁRIO,ÁREAS EXECUTIVAS,MM - LIVESTREAM,AE: MULTIMÍDIA,2025-06-28,deae2ab36616029e5d5d9bd81baf73ec
AE: VOLUNTÁRIO,ÁREAS EXECUTIVAS,MM - LIVESTREAM,AE: MULTIMÍDIA,2025-09-15,25a59b4ee659ccfc21113db30dc2878d
AE: VOLUNTÁRIO,ÁREAS EXECUTIVAS,MM - LIVESTREAM,AE: MULTIMÍDIA,2025-12-14,d3e52733bfd1dac75f38820e0c27f379
AE: VOLUNTÁRIO,ÁREAS EXECUTIVAS,MM - LIVESTREAM,AE: MULTIMÍDIA,2025-09-22,a12fcd00f79d6e5d52b1969d57f86dd4
AE: VOLUNTÁRIO,ÁREAS EXECUTIVAS,MM - LIVESTREAM,AE: MULTIMÍDIA,2025-09-02,ba304ed1a847623f17b3e0a4b394fbd5
AE: VOLUNTÁRIO,ÁREAS EXECUTIVAS,MM - LIVESTREAM,AE: MULTIMÍDIA,2025-11-30,ba7f6c3f733ddca8617e5b52b454c676
AE: VOLUNTÁRIO,ÁREAS EXECUTIVAS,MM - LIVESTREAM,AE: MULTIMÍDIA,2025-11-04,7c90540d8f0571d96234a0b3dee19e56
AE: VOLUNTÁRIO,ÁREAS EXECUTIVAS,MM - LIVESTREAM,AE: MULTIMÍDIA,2024-10-21,cb80c27f4597ebfd2f6e0d64eb75ea5f
AE: VOLUNTÁRIO,ÁREAS EXECUTIVAS,MM - LIVESTREAM,AE: MULTIMÍDIA,2021-05-27,f2d673a2224731185e4ef68a21ffed22
AE: VOLUNTÁRIO,ÁREAS EXECUTIVAS,MM - LIVESTREAM,AE: MULTIMÍDIA,2023-09-28,57e81d653669bb9f6daaac426ec82635
AE: VOLUNTÁRIO,ÁREAS EXECUTIVAS,MM - LIVESTREAM RISE,AE: MULTIMÍDIA,2024-11-28,1f9e9d941e918edc35776bb390a3fb41
AE: VOLUNTÁRIO,ÁREAS EXECUTIVAS,MM - LIVESTREAM RISE,AE: MULTIMÍDIA,2024-11-28,318de6bbf5efb3508df7c99f46bd25c0
AE: VOLUNTÁRIO,ÁREAS EXECUTIVAS,MM - LIVESTREAM RISE,AE: MULTIMÍDIA,2024-11-28,08c4f2470af20deac804621fd93e0ee3
AE: VOLUNTÁRIO,ÁREAS EXECUTIVAS,MM - LIVESTREAM RISE,AE: MULTIMÍDIA,2024-11-28,d399093004f23f7750c1e0b3893f0088
AE: VOLUNTÁRIO,ÁREAS EXECUTIVAS,MM - LIVESTREAM RISE,AE: MULTIMÍDIA,2024-11-28,f20ae452d8429de5bd5636787c303488
AE: VOLUNTÁRIO,ÁREAS EXECUTIVAS,MM - LIVESTREAM RISE,AE: MULTIMÍDIA,2024-11-28,7eebc9c8f41e66b49a52b1dbb67d2a90
AE: VOLUNTÁRIO,ÁREAS EXECUTIVAS,MM - MANAGER,AE: MULTIMÍDIA,2021-01-14,6bbdb9e53b20a023727f54aa6bbc98b9
AE: VOLUNTÁRIO,ÁREAS EXECUTIVAS,MM - MANAGER,AE: MULTIMÍDIA,2020-11-19,bb3bd748f97dc8f05e65a54cab6f91c7
AE: VOLUNTÁRIO,ÁREAS EXECUTIVAS,MM - MANAGER,AE: MULTIMÍDIA,2020-11-19,9c8d45ad019f9418377f9b4e88e39d03
AE: VOLUNTÁRIO,ÁREAS EXECUTIVAS,MM - MANAGER,AE: MULTIMÍDIA,2020-11-19,14de83b5ee5c0d0c39575fb9449fdb1f
AE: VOLUNTÁRIO,ÁREAS EXECUTIVAS,MM - MANAGER,AE: MULTIMÍDIA,2020-11-19,673909bb2b075a72dd71a6f46bc62990
AE: VOLUNTÁRIO,ÁREAS EXECUTIVAS,MM - MÍDIAS,AE: MULTIMÍDIA,2024-11-22,8994cce301888f0d6aa3f031ebbe4433
AE: VOLUNTÁRIO,ÁREAS EXECUTIVAS,MM - MÍDIAS,AE: MULTIMÍDIA,2023-11-27,b9951f3ebe63d82f8446c602b20d9fdb
AE: VOLUNTÁRIO,ÁREAS EXECUTIVAS,MM - MÍDIAS,AE: MULTIMÍDIA,2024-11-22,7e5b9f038da56ee2e4bdb39fe2a24fac
AE: VOLUNTÁRIO,ÁREAS EXECUTIVAS,MM - MÍDIAS,AE: MULTIMÍDIA,2022-11-25,0e529f8694d3a41408e004e1bc1f53bf
AE: VOLUNTÁRIO,ÁREAS EXECUTIVAS,MM - MÍDIAS,AE: MULTIMÍDIA,2022-08-05,44dd05ce3a2e2ac1af4725fc6b003c0c
AE: VOLUNTÁRIO,ÁREAS EXECUTIVAS,MM - MÍDIAS,AE: MULTIMÍDIA,2020-11-26,4a021afa3c09bf38c2cebed51760dd08
AE: VOLUNTÁRIO,ÁREAS EXECUTIVAS,MM - MÍDIAS,AE: MULTIMÍDIA,2024-12-08,7dc908501949fa72f941203f6a0f5cc8
AE: VOLUNTÁRIO,ÁREAS EXECUTIVAS,MM - MÍDIAS,AE: MULTIMÍDIA,2024-11-22,81caf2c1d9e8381266d8ad4417474589
AE: VOLUNTÁRIO,ÁREAS EXECUTIVAS,MM - MÍDIAS,AE: MULTIMÍDIA,2023-11-09,2c648865b2af51840aab4a8195b93a16
AE: VOLUNTÁRIO,ÁREAS EXECUTIVAS,MM - MÍDIAS,AE: MULTIMÍDIA,2024-11-22,5a72714cf3df9bd6f178b5bcdf7eff0b
AE: VOLUNTÁRIO,ÁREAS EXECUTIVAS,MM - MÍDIAS,AE: MULTIMÍDIA,2022-08-05,ae60d01d2d0fbade3ecafe69c999b78b
AE: VOLUNTÁRIO,ÁREAS EXECUTIVAS,MM - MÍDIAS,AE: MULTIMÍDIA,2024-11-22,eb0ec67655b9d1305a42d4933f3b98a4
AE: VOLUNTÁRIO,ÁREAS EXECUTIVAS,MM - MÍDIAS,AE: MULTIMÍDIA,2024-08-26,9b0dcc5cedb89797c0f802218921120f
AE: VOLUNTÁRIO,ÁREAS EXECUTIVAS,MM - SOM,AE: MULTIMÍDIA,2020-11-27,db4977567d5f27aeb3503038eb2aef31
AE: VOLUNTÁRIO,ÁREAS EXECUTIVAS,MM - SOM,AE: MULTIMÍDIA,2025-02-25,bd34a841b2f40c1a31862c4df950747a
AE: VOLUNTÁRIO,ÁREAS EXECUTIVAS,MM - SOM,AE: MULTIMÍDIA,2024-04-06,0d170b499266f57f145b9ec0a9569c93
AE: VOLUNTÁRIO,ÁREAS EXECUTIVAS,MM - SOM,AE: MULTIMÍDIA,2024-11-20,38be771a756b61c214aec16851adef35
AE: VOLUNTÁRIO,ÁREAS EXECUTIVAS,MM - SOM,AE: MULTIMÍDIA,2024-02-02,8086346e49a486238f6a77bd747caf99
AE: VOLUNTÁRIO,ÁREAS EXECUTIVAS,MM - SOM,AE: MULTIMÍDIA,2025-09-02,556e96545ae25e6e1bae12074f50d0b3
AE: VOLUNTÁRIO,ÁREAS EXECUTIVAS,MM - SOM,AE: MULTIMÍDIA,2025-04-29,6b79415777fd9154dd38fab9733fcc8e
AE: VOLUNTÁRIO,ÁREAS EXECUTIVAS,MM - SOM,AE: MULTIMÍDIA,2025-07-29,6caa20ba3290ae4e8ebb607f099faa12
AE: VOLUNTÁRIO,ÁREAS EXECUTIVAS,MM - SOM,AE: MULTIMÍDIA,2021-11-24,f1ab91ed7b07307bad7397fab164faed
AE: VOLUNTÁRIO,ÁREAS EXECUTIVAS,MM - SOM,AE: MULTIMÍDIA,2025-07-29,21efb38aa648b12b8194d2386076915a
AE: VOLUNTÁRIO,ÁREAS EXECUTIVAS,MM - SOM,AE: MULTIMÍDIA,2024-08-02,29b5d944a00052a9d50acf9692755335
AE: VOLUNTÁRIO,ÁREAS EXECUTIVAS,MM - SOM,AE: MULTIMÍDIA,2024-09-01,14d5627bd9059f1d947a986e643a8f92
AE: VOLUNTÁRIO,ÁREAS EXECUTIVAS,MM - SOM,AE: MULTIMÍDIA,2025-09-02,0e398f4274fb1516aab4d60edbfb32d3
AE: VOLUNTÁRIO,ÁREAS EXECUTIVAS,MM - SOM,AE: MULTIMÍDIA,2024-11-20,faf707790ea2c155dbc721e3d03630bc
AE: VOLUNTÁRIO,ÁREAS EXECUTIVAS,MM - SOM,AE: MULTIMÍDIA,2025-07-29,a76e37f4be8780fda9db70b1c4fd326f
AE: VOLUNTÁRIO,ÁREAS EXECUTIVAS,MM - SOM,AE: MULTIMÍDIA,2023-11-17,1b24fd66544dc8679b9a0b1264f4e833
AE: VOLUNTÁRIO,ÁREAS EXECUTIVAS,MM - SOM,AE: MULTIMÍDIA,2025-11-23,ce639b9361551372b89680af49490411
AE: VOLUNTÁRIO,ÁREAS EXECUTIVAS,MM - SOM,AE: MULTIMÍDIA,2025-07-29,3a3686ee7b6712148845e237bb7ba9d0
AE: VOLUNTÁRIO,ÁREAS EXECUTIVAS,MM - SOM,AE: MULTIMÍDIA,2024-11-20,cdcfdbeec18c3a5cfd76e2a14338b76a
AE: VOLUNTÁRIO,ÁREAS EXECUTIVAS,MM - SOM,AE: MULTIMÍDIA,2025-04-29,7c90540d8f0571d96234a0b3dee19e56
AE: VOLUNTÁRIO,ÁREAS EXECUTIVAS,MM - TÉCNICA,AE: MULTIMÍDIA,2026-02-18,d790ac99c3f65f1ee5cd45670c66f73a
AE: VOLUNTÁRIO,ÁREAS EXECUTIVAS,MM - TÉCNICA,AE: MULTIMÍDIA,2025-07-08,3214dcc3aec237dc5c1b245c9be92b8a
AE: VOLUNTÁRIO,ÁREAS EXECUTIVAS,MM - TÉCNICA,AE: MULTIMÍDIA,2024-10-07,0882f37d923199dbc687b964c36a56dd
AE: VOLUNTÁRIO,ÁREAS EXECUTIVAS,MM - TÉCNICA,AE: MULTIMÍDIA,2024-04-27,702221a75a61464ac19ce54dca8ecd6f
AE: VOLUNTÁRIO,ÁREAS EXECUTIVAS,MM - TÉCNICA,AE: MULTIMÍDIA,2025-07-22,b2cde1ad1deb234f4a154524e2945260
AE: VOLUNTÁRIO,ÁREAS EXECUTIVAS,MM - TÉCNICA,AE: MULTIMÍDIA,2024-11-26,3843bf0e1dd507adb0e69e263da316cc
AE: VOLUNTÁRIO,ÁREAS EXECUTIVAS,MM - TÉCNICA,AE: MULTIMÍDIA,2024-10-07,f54384254b8759082d408d60a144cad8
AE: VOLUNTÁRIO,ÁREAS EXECUTIVAS,MM - TÉCNICA,AE: MULTIMÍDIA,2024-09-21,930db239b351e6f267381d0a886a1247
AE: VOLUNTÁRIO,ÁREAS EXECUTIVAS,MM - TÉCNICA,AE: MULTIMÍDIA,2024-04-27,dc261e7ec381618dcc175b7520ba3896
AE: VOLUNTÁRIO,ÁREAS EXECUTIVAS,MM - TÉCNICA,AE: MULTIMÍDIA,2024-09-21,4d85c3accd3929a1d49aabdec94ad66b
AE: VOLUNTÁRIO,ÁREAS EXECUTIVAS,MM - TÉCNICA,AE: MULTIMÍDIA,2025-12-15,9cd3abe36f4796e9c27050974c1cb7ca
AE: VOLUNTÁRIO,ÁREAS EXECUTIVAS,MM - TÉCNICA,AE: MULTIMÍDIA,2023-11-03,42986e142b927d3e61e7f5247c1699b7
AE: VOLUNTÁRIO,ÁREAS EXECUTIVAS,MM - TÉCNICA,AE: MULTIMÍDIA,2026-02-18,89e395c24cd8ddd390b0719fe57a3a30
AE: VOLUNTÁRIO,ÁREAS EXECUTIVAS,MM - TÉCNICA,AE: MULTIMÍDIA,2025-02-26,52850af4151c6ab001d7dd805b2ec828
AE: VOLUNTÁRIO,ÁREAS EXECUTIVAS,MM - TÉCNICA,AE: MULTIMÍDIA,2025-07-08,e0c5adcda7f4084b7b18b59d8ceb34f8
AE: VOLUNTÁRIO,ÁREAS EXECUTIVAS,MM - TÉCNICA,AE: MULTIMÍDIA,2025-06-30,b982a58b86c53ab2ffc9d6283a5de546
AE: VOLUNTÁRIO,ÁREAS EXECUTIVAS,MM - TÉCNICA,AE: MULTIMÍDIA,2025-02-26,c0bec4248714e96d157bb56a28bb584b
AE: VOLUNTÁRIO,ÁREAS EXECUTIVAS,MM - TÉCNICA,AE: MULTIMÍDIA,2025-05-05,6bb047198feae05d3b9fbc6f3b9a331d
AE: VOLUNTÁRIO,ÁREAS EXECUTIVAS,MM - TÉCNICA,AE: MULTIMÍDIA,2023-07-25,88d0781d69f1843f37284c73e36e28e1
AE: VOLUNTÁRIO,ÁREAS EXECUTIVAS,MM - VOX - BACKSTAGE & MANAGER ,AE: MULTIMÍDIA,2025-07-09,71dee160fcee0445a75f80d464df4e8d
AE: VOLUNTÁRIO,ÁREAS EXECUTIVAS,MM - VOX - BACKSTAGE & MANAGER ,AE: MULTIMÍDIA,2025-07-09,d3eb5bd831d541b2766ae43b154f3f61
AE: VOLUNTÁRIO,ÁREAS EXECUTIVAS,MM - VOX - BACKSTAGE & MANAGER ,AE: MULTIMÍDIA,2025-07-09,501b3457f5fc11621667da27a3b29d2a
AE: VOLUNTÁRIO,ÁREAS EXECUTIVAS,MM - VOX - BACKSTAGE & MANAGER ,AE: MULTIMÍDIA,2025-07-09,98ba8e8e52fbda10d18df50aeb48c2f5
AE: VOLUNTÁRIO,ÁREAS EXECUTIVAS,MM - VOX - BACKSTAGE & MANAGER ,AE: MULTIMÍDIA,2023-11-09,e63eac514c1dce533d9fa1ec50749672
AE: VOLUNTÁRIO,ÁREAS EXECUTIVAS,MM - VOX - BACKSTAGE & MANAGER ,AE: MULTIMÍDIA,2023-11-09,91f8d73eeb35e0ed73e04d6508c3ce17
AE: VOLUNTÁRIO,ÁREAS EXECUTIVAS,MM - VOX - BACKSTAGE & MANAGER ,AE: MULTIMÍDIA,2023-11-09,4301220177a76a37a9a09ebbd915cd73
AE: VOLUNTÁRIO,ÁREAS EXECUTIVAS,MM - VOX - BACKSTAGE & MANAGER ,AE: MULTIMÍDIA,2025-07-09,a339290cab400594c8ef174f0a857c17
AE: VOLUNTÁRIO,ÁREAS EXECUTIVAS,MM - VOX - BACKSTAGE & MANAGER ,AE: MULTIMÍDIA,2025-07-09,8f0f0e7c779239dae7e9778e633d3a7f
AE: VOLUNTÁRIO,ÁREAS EXECUTIVAS,MM - VOX - BACKSTAGE & MANAGER ,AE: MULTIMÍDIA,2025-07-09,2e3461b594e640d2d2f17cc639a3ebae
AE: VOLUNTÁRIO,ÁREAS EXECUTIVAS,MM - VOX - GRAPHIC CONTENT,AE: MULTIMÍDIA,2023-11-11,a5e0a9c7adc25c8f9a1872cd29fdeca2
AE: VOLUNTÁRIO,ÁREAS EXECUTIVAS,MM - VOX - GRAPHIC CONTENT,AE: MULTIMÍDIA,2023-11-11,3636d2820f843c10d7aa67b44946f696
AE: VOLUNTÁRIO,ÁREAS EXECUTIVAS,OP - ACESSIBILIDADE,AE: OPERAÇÕES,2026-02-07,a1b991ce57ecb9cd805b265e65064f74
AE: VOLUNTÁRIO,ÁREAS EXECUTIVAS,OP - ACESSIBILIDADE,AE: OPERAÇÕES,2026-02-07,afe666d5b5971f79a8c98fda36eae8c5
AE: VOLUNTÁRIO,ÁREAS EXECUTIVAS,OP - ACESSIBILIDADE,AE: OPERAÇÕES,2026-02-07,82a253d210f358c3d38ea630e92e1a95
AE: VOLUNTÁRIO,ÁREAS EXECUTIVAS,OP - ACESSIBILIDADE,AE: OPERAÇÕES,2026-02-07,3409781368bf50930f8002ecd9467407
AE: VOLUNTÁRIO,ÁREAS EXECUTIVAS,OP - ACESSIBILIDADE,AE: OPERAÇÕES,2026-02-10,679358d387182065e278a1c4cdb3bc54
AE: VOLUNTÁRIO,ÁREAS EXECUTIVAS,OP - ACESSIBILIDADE,AE: OPERAÇÕES,2024-11-02,0375341b600f1c5faff6bd2d26566e3c
AE: VOLUNTÁRIO,ÁREAS EXECUTIVAS,OP - ACESSIBILIDADE,AE: OPERAÇÕES,2026-02-08,38da78bb689c4b6e573c063111658323
AE: VOLUNTÁRIO,ÁREAS EXECUTIVAS,OP - ACESSIBILIDADE,AE: OPERAÇÕES,2026-02-07,d34299fc6001db1128db348f74b0c44e
AE: VOLUNTÁRIO,ÁREAS EXECUTIVAS,OP - ACESSIBILIDADE,AE: OPERAÇÕES,2025-10-21,c94d409b4330552ab32f577d88e30d76
AE: VOLUNTÁRIO,ÁREAS EXECUTIVAS,OP - ACESSIBILIDADE,AE: OPERAÇÕES,2025-08-28,35a0df9198ba62f349f22f70a9614143
AE: VOLUNTÁRIO,ÁREAS EXECUTIVAS,OP - ACESSIBILIDADE,AE: OPERAÇÕES,2026-02-07,14984a5460a9ae327839de244118777c
AE: VOLUNTÁRIO,ÁREAS EXECUTIVAS,OP - ACESSIBILIDADE,AE: OPERAÇÕES,2025-09-03,c8c2b3c274a1de27ed42e71eb479a296
AE: VOLUNTÁRIO,ÁREAS EXECUTIVAS,OP - COOKING TIME 1,AE: OPERAÇÕES,2026-01-06,5720b1d24a4d427c852df35bd97b88c0
AE: VOLUNTÁRIO,ÁREAS EXECUTIVAS,OP - COOKING TIME 1,AE: OPERAÇÕES,2023-10-01,aa4b8afafc9522c4ab08d9beea8ba010
AE: VOLUNTÁRIO,ÁREAS EXECUTIVAS,OP - COOKING TIME 1,AE: OPERAÇÕES,2023-09-03,39ad0773fc02327d61a50e6f8a616575
AE: VOLUNTÁRIO,ÁREAS EXECUTIVAS,OP - COOKING TIME 1,AE: OPERAÇÕES,2023-09-03,fc8d6cbf186084409315dd44ee59669d
AE: VOLUNTÁRIO,ÁREAS EXECUTIVAS,OP - COOKING TIME 1,AE: OPERAÇÕES,2026-01-06,b5ffa329f5ba339d767270af4a6749a2
AE: VOLUNTÁRIO,ÁREAS EXECUTIVAS,OP - COOKING TIME 1,AE: OPERAÇÕES,2023-09-03,2b4aa87ade03c6dc45851a65f3d15109
AE: VOLUNTÁRIO,ÁREAS EXECUTIVAS,OP - COOKING TIME 2 ,AE: OPERAÇÕES,2026-01-06,2505b5138af2b885dc779dcecaaaaaa9
AE: VOLUNTÁRIO,ÁREAS EXECUTIVAS,OP - COOKING TIME 2 ,AE: OPERAÇÕES,2026-01-06,fb367aeb7a943393cad4caaf9f79284c
AE: VOLUNTÁRIO,ÁREAS EXECUTIVAS,OP - COOKING TIME 2 ,AE: OPERAÇÕES,2024-11-20,2271936082e2870e13e37e9860016efd
AE: VOLUNTÁRIO,ÁREAS EXECUTIVAS,OP - COOKING TIME 2 ,AE: OPERAÇÕES,2026-01-06,d64b72d0b7bcc6071833e5ccbbbcbf0b
AE: VOLUNTÁRIO,ÁREAS EXECUTIVAS,OP - COOKING TIME 2 ,AE: OPERAÇÕES,2023-10-08,dadca9d865bcf2908573c29a36834bf1
AE: VOLUNTÁRIO,ÁREAS EXECUTIVAS,OP - COOKING TIME 2 ,AE: OPERAÇÕES,2024-11-19,3fc755eb608f72f32875490964ec766e
AE: VOLUNTÁRIO,ÁREAS EXECUTIVAS,OP - LOGÍSTICA EKL TIME 1,AE: OPERAÇÕES,2025-07-29,c10c798f7baedff62bd0534b6788fe4e
AE: VOLUNTÁRIO,ÁREAS EXECUTIVAS,OP - LOGÍSTICA EKL TIME 1,AE: OPERAÇÕES,2026-01-19,fde03b85401a72feca5e4ba869c2f92d
AE: VOLUNTÁRIO,ÁREAS EXECUTIVAS,OP - LOGÍSTICA EKL TIME 2,AE: OPERAÇÕES,2025-01-05,38f6d5e8954ae0efa9a13c7cb41d6d4b
AE: VOLUNTÁRIO,ÁREAS EXECUTIVAS,OP - LOGÍSTICA EKL TIME 2,AE: OPERAÇÕES,2025-07-15,6d8cc0474f1022be01c20e6144d053cb
AE: VOLUNTÁRIO,ÁREAS EXECUTIVAS,OP - LOGÍSTICA TIME 2 Manhã ,AE: OPERAÇÕES,2026-01-19,2cb2266974d2d9c5b052287eece6266e
AE: VOLUNTÁRIO,ÁREAS EXECUTIVAS,OP - LOGÍSTICA TIME 2 Manhã ,AE: OPERAÇÕES,2024-03-11,e17a3447359a2537f2306eeab199b720
AE: VOLUNTÁRIO,ÁREAS EXECUTIVAS,OP - LOGÍSTICA TIME 2 Manhã ,AE: OPERAÇÕES,2024-12-08,03c7a22bcead57171b1c97b7d215a1a0
AE: VOLUNTÁRIO,ÁREAS EXECUTIVAS,OP - LOGÍSTICA TIME 2 Manhã ,AE: OPERAÇÕES,2026-01-19,6a7abccea8cbdca9d2946a3e7619df00
AE: VOLUNTÁRIO,ÁREAS EXECUTIVAS,OP - LOGÍSTICA TIME 2 Manhã ,AE: OPERAÇÕES,2025-07-29,ffa11cf8f121570a41f2278eb559958e
AE: VOLUNTÁRIO,ÁREAS EXECUTIVAS,OP - LOGÍSTICA TIME 2 Manhã ,AE: OPERAÇÕES,2025-07-29,5b6880cb47d6ad6e3570fa94fae7a7d2
AE: VOLUNTÁRIO,ÁREAS EXECUTIVAS,OP - LOGÍSTICA TIME 2 Manhã ,AE: OPERAÇÕES,2026-01-19,4247a164b0c07dc86f89cfe8519550d1
AE: VOLUNTÁRIO,ÁREAS EXECUTIVAS,OP - MANAGER,AE: OPERAÇÕES,2025-01-10,318e6d8c8dfed9e12daf9234abcf693d
AE: VOLUNTÁRIO,ÁREAS EXECUTIVAS,OP - MANAGER,AE: OPERAÇÕES,2025-10-29,b1d782b4b7920846ce97ba7423230e60
AE: VOLUNTÁRIO,ÁREAS EXECUTIVAS,OP - MANAGER,AE: OPERAÇÕES,2026-02-12,fa5e51cd8a8e3784c36ec797e3291e32
AE: VOLUNTÁRIO,ÁREAS EXECUTIVAS,OP - MANAGER,AE: OPERAÇÕES,2025-10-29,1048e13dd5c54324bc92758145662bfc
AE: VOLUNTÁRIO,ÁREAS EXECUTIVAS,OP - MANAGER,AE: OPERAÇÕES,2025-10-29,5cc3b9c5aa191128817c90f7c15d53b7
AE: VOLUNTÁRIO,ÁREAS EXECUTIVAS,OP - MANAGER,AE: OPERAÇÕES,2026-01-15,712993f9e3994803eaf41babcae305b9
AE: VOLUNTÁRIO,ÁREAS EXECUTIVAS,OP - OHANA CAFÉ EKLEKTOS TIME 1,AE: OPERAÇÕES,2024-09-06,645c4d5df519a17dd993be2ca2e55d34
AE: VOLUNTÁRIO,ÁREAS EXECUTIVAS,OP - OHANA CAFÉ EKLEKTOS TIME 1,AE: OPERAÇÕES,2023-11-09,c7ba010a8e02beec3398b4b8fb73a382
AE: VOLUNTÁRIO,ÁREAS EXECUTIVAS,OP - OHANA CAFÉ EKLEKTOS TIME 1,AE: OPERAÇÕES,2024-09-06,893dfb49825cd13eca07c7b9996d1228
AE: VOLUNTÁRIO,ÁREAS EXECUTIVAS,OP - OHANA CAFÉ FLOW TIME 1,AE: OPERAÇÕES,2023-03-30,0ee2598b9a17f73ca8dd058ca3128c64
AE: VOLUNTÁRIO,ÁREAS EXECUTIVAS,OP - OHANA CAFÉ FLOW TIME 1,AE: OPERAÇÕES,2024-04-25,09576fd147a971e4e388bf7cebef5707
AE: VOLUNTÁRIO,ÁREAS EXECUTIVAS,OP - OHANA CAFÉ FLOW TIME 1,AE: OPERAÇÕES,2024-04-25,35265a9dca0b6c6226367b6ca09545eb
AE: VOLUNTÁRIO,ÁREAS EXECUTIVAS,OP - OHANA CAFÉ RISE TIME 1,AE: OPERAÇÕES,2024-08-13,01aea0fdcb1bc84f6e7f68b730724a12
AE: VOLUNTÁRIO,ÁREAS EXECUTIVAS,OP - OHANA CAFÉ RISE TIME 1,AE: OPERAÇÕES,2025-04-24,27994eb5af8e3bfd10e3063e9fbd847f
AE: VOLUNTÁRIO,ÁREAS EXECUTIVAS,OP - OHANA CAFÉ RISE TIME 1,AE: OPERAÇÕES,2025-04-24,c7cb7c4e2049e62986cc354eb7d34fae
AE: VOLUNTÁRIO,ÁREAS EXECUTIVAS,OP - OHANA CAFÉ RISE TIME 1,AE: OPERAÇÕES,2025-04-25,9cad491668702cb2f8ffd8d2a84a0c4d
AE: VOLUNTÁRIO,ÁREAS EXECUTIVAS,OP - OHANA CAFÉ RISE TIME 1,AE: OPERAÇÕES,2024-08-13,65c9e480000b6837a6190f807fd2451b
AE: VOLUNTÁRIO,ÁREAS EXECUTIVAS,OP - OHANA CAFÉ RISE TIME 1,AE: OPERAÇÕES,2024-08-13,6d5941d7bf33b3c251d5aae93fbace0a
AE: VOLUNTÁRIO,ÁREAS EXECUTIVAS,OP - OHANA CAFÉ RISE TIME 1,AE: OPERAÇÕES,2024-08-13,8ed92c84ffef3e0d3ec54d52f05eea00
AE: VOLUNTÁRIO,ÁREAS EXECUTIVAS,OP - OHANA CAFÉ RISE TIME 1,AE: OPERAÇÕES,2025-04-24,bf364a1e0e80fcf584eb4e7846a268c6
AE: VOLUNTÁRIO,ÁREAS EXECUTIVAS,OP - OHANA CAFÉ RISE TIME 1,AE: OPERAÇÕES,2025-04-24,3eb76ce02cd695ff8b5ca32d0f30ade5
AE: VOLUNTÁRIO,ÁREAS EXECUTIVAS,OP - OHANA CAFÉ RISE TIME 1,AE: OPERAÇÕES,2025-04-24,013bcc2c1e7091e58dc39bf228ab94c4
AE: VOLUNTÁRIO,ÁREAS EXECUTIVAS,OP - OHANA CAFÉ RISE TIME 1,AE: OPERAÇÕES,2025-04-24,bd0ac80f13fc18258a4d4086bb72decd
AE: VOLUNTÁRIO,ÁREAS EXECUTIVAS,OP - OHANA CAFÉ RISE TIME 1,AE: OPERAÇÕES,2024-08-13,39fab93e39042feed1a9a63ec01ae66d
AE: VOLUNTÁRIO,ÁREAS EXECUTIVAS,OP - OHANA CAFÉ RISE TIME 1,AE: OPERAÇÕES,2024-08-13,4022dd180aa4099c6285bedb9d8b750c
AE: VOLUNTÁRIO,ÁREAS EXECUTIVAS,OP - OHANA CAFÉ TIME 1 BUTANTÃ,AE: OPERAÇÕES,2025-03-08,8b5f6d7afe7a2600696b997d69e2a8a4
AE: VOLUNTÁRIO,ÁREAS EXECUTIVAS,OP - OHANA CAFÉ TIME 1 BUTANTÃ,AE: OPERAÇÕES,2025-10-06,83ac81e0de9f4d0958873b7a6c6bed0d
AE: VOLUNTÁRIO,ÁREAS EXECUTIVAS,OP - OHANA CAFÉ TIME 1 BUTANTÃ,AE: OPERAÇÕES,2025-10-06,1cfc7b58035ef55c171a12bf23fffc96
AE: VOLUNTÁRIO,ÁREAS EXECUTIVAS,OP - OHANA CAFÉ TIME 1 BUTANTÃ,AE: OPERAÇÕES,2025-11-01,241efd557a8d02095d3f93c61cfb363c
AE: VOLUNTÁRIO,ÁREAS EXECUTIVAS,OP - OHANA CAFÉ TIME 1 BUTANTÃ,AE: OPERAÇÕES,2025-03-08,644afde36eb0b8b090c55ddbe8584794
AE: VOLUNTÁRIO,ÁREAS EXECUTIVAS,OP - OHANA CAFÉ TIME 1 BUTANTÃ,AE: OPERAÇÕES,2025-10-06,0f9df5d160e8c0005ba309438a8d18c3
AE: VOLUNTÁRIO,ÁREAS EXECUTIVAS,OP - OHANA CAFÉ TIME 1 BUTANTÃ,AE: OPERAÇÕES,2025-09-22,8dd601d03551b7773f5c698ad0fcfc9b
AE: VOLUNTÁRIO,ÁREAS EXECUTIVAS,OP - OHANA CAFÉ TIME 1 BUTANTÃ,AE: OPERAÇÕES,2025-10-21,ceadafdd1b8ab64b46322470e537c427
AE: VOLUNTÁRIO,ÁREAS EXECUTIVAS,OP - OHANA CAFÉ TIME 1 BUTANTÃ,AE: OPERAÇÕES,2025-03-08,a18e56aa9a59de4aa4512ea6e0453ad4
AE: VOLUNTÁRIO,ÁREAS EXECUTIVAS,OP - OHANA CAFÉ TIME 2 BUTANTÃ,AE: OPERAÇÕES,2023-11-28,fb92213651ec27d18cfcefc6c19ae996
AE: VOLUNTÁRIO,ÁREAS EXECUTIVAS,OP - OHANA CAFÉ TIME 2 BUTANTÃ,AE: OPERAÇÕES,2023-10-22,d412a4d3f0f8ea4de4f1424f7b991f69
AE: VOLUNTÁRIO,ÁREAS EXECUTIVAS,OP - OHANA CAFÉ TIME 2 BUTANTÃ,AE: OPERAÇÕES,2022-11-12,7d4a3b492152bca09f386bbc138b5bd6
AE: VOLUNTÁRIO,ÁREAS EXECUTIVAS,OP - OHANA CAFÉ VOX TIME 2,AE: OPERAÇÕES,2024-09-18,dbb6c9f155e12bab0bfc9d7bf0c5bdff
AE: VOLUNTÁRIO,ÁREAS EXECUTIVAS,OP - OHANA CAFÉ VOX TIME 2,AE: OPERAÇÕES,2024-08-27,8cb2b786194f31f86b78dd9585d576b9
AE: VOLUNTÁRIO,ÁREAS EXECUTIVAS,OP - RECEPÇÃO EKLEKTOS TIME 1,AE: OPERAÇÕES,2026-02-08,338b16d29c9d4b44e05fd49d90971ce6
AE: VOLUNTÁRIO,ÁREAS EXECUTIVAS,OP - RECEPÇÃO EKLEKTOS TIME 1,AE: OPERAÇÕES,2025-09-03,f5d77ccf0a8a480ff1639c8f9130c3ce
AE: VOLUNTÁRIO,ÁREAS EXECUTIVAS,OP - RECEPÇÃO EKLEKTOS TIME 1,AE: OPERAÇÕES,2025-06-01,62625c43c0acbf35085d9fb69b1d9159
AE: VOLUNTÁRIO,ÁREAS EXECUTIVAS,OP - RECEPÇÃO EKLEKTOS TIME 1,AE: OPERAÇÕES,2025-06-01,f0cfae011e49951c54bb5b21b8ae4a18
AE: VOLUNTÁRIO,ÁREAS EXECUTIVAS,OP - RECEPÇÃO EKLEKTOS TIME 1,AE: OPERAÇÕES,2026-03-20,bd19a80dad3439d49efa8ba335724d17
AE: VOLUNTÁRIO,ÁREAS EXECUTIVAS,OP - RECEPÇÃO EKLEKTOS TIME 1,AE: OPERAÇÕES,2026-02-08,6f04510e39751c9bb0267a92c2ac4a7b
AE: VOLUNTÁRIO,ÁREAS EXECUTIVAS,OP - RECEPÇÃO EKLEKTOS TIME 1,AE: OPERAÇÕES,2025-10-03,8d57cefa366edf3b9e010e2e8056d2ec
AE: VOLUNTÁRIO,ÁREAS EXECUTIVAS,OP - RECEPÇÃO EKLEKTOS TIME 1,AE: OPERAÇÕES,2025-11-02,193ac4ccdd82c1c516af38a45a42eabc
AE: VOLUNTÁRIO,ÁREAS EXECUTIVAS,OP - RECEPÇÃO EKLEKTOS TIME 2,AE: OPERAÇÕES,2026-02-13,a119a8cfe2a5035f0ae549667cd74b46
AE: VOLUNTÁRIO,ÁREAS EXECUTIVAS,OP - RECEPÇÃO EKLEKTOS TIME 2,AE: OPERAÇÕES,2026-02-08,5281931dded97dad3219d4305df07344
AE: VOLUNTÁRIO,ÁREAS EXECUTIVAS,OP - RECEPÇÃO EKLEKTOS TIME 2,AE: OPERAÇÕES,2024-09-28,0463ecaca773b27899323593951ce7a0
AE: VOLUNTÁRIO,ÁREAS EXECUTIVAS,OP - RECEPÇÃO EKLEKTOS TIME 2,AE: OPERAÇÕES,2025-08-26,b9ae6f1294942d88c6ad74cf6b4491bd
AE: VOLUNTÁRIO,ÁREAS EXECUTIVAS,OP - RECEPÇÃO EKLEKTOS TIME 2,AE: OPERAÇÕES,2026-02-08,0ba45c1714ebce5978c7519c1076cfaf
AE: VOLUNTÁRIO,ÁREAS EXECUTIVAS,OP - RECEPÇÃO FLOW TIME 1,AE: OPERAÇÕES,2025-02-10,14239722c55bd0c6d553619a9ff5a01e
AE: VOLUNTÁRIO,ÁREAS EXECUTIVAS,OP - RECEPÇÃO TIME 1 Chácara Flora ,AE: OPERAÇÕES,2025-12-08,cc554228c22880249529c3a51920715d
AE: VOLUNTÁRIO,ÁREAS EXECUTIVAS,OP - RECEPÇÃO TIME 1 Chácara Flora ,AE: OPERAÇÕES,2025-12-08,4592ca0a3a3fc3db10bcdf210e3cfee2
AE: VOLUNTÁRIO,ÁREAS EXECUTIVAS,OP - RECEPÇÃO TIME 1 Chácara Flora ,AE: OPERAÇÕES,2025-04-29,e0a3f9d6b705504c4eb19bb37125436a
AE: VOLUNTÁRIO,ÁREAS EXECUTIVAS,OP - RECEPÇÃO TIME 1 Chácara Flora ,AE: OPERAÇÕES,2025-04-29,d92e99073ab9e6905d2ea93dbdc24b94
AE: VOLUNTÁRIO,ÁREAS EXECUTIVAS,OP - RECEPÇÃO TIME 1 Chácara Flora ,AE: OPERAÇÕES,2024-11-24,59240c4b9efeb4a98209dc6b71f92802
AE: VOLUNTÁRIO,ÁREAS EXECUTIVAS,OP - RECEPÇÃO TIME 1 Chácara Flora ,AE: OPERAÇÕES,2025-09-30,1018cbebe7cb7b505cf43f82455efd44
AE: VOLUNTÁRIO,ÁREAS EXECUTIVAS,OP - RECEPÇÃO TIME 1 Chácara Flora ,AE: OPERAÇÕES,2024-09-19,d4dca0a4807e8977164921b5046730c2
AE: VOLUNTÁRIO,ÁREAS EXECUTIVAS,OP - RECEPÇÃO TIME 1 Chácara Flora ,AE: OPERAÇÕES,2020-10-23,bac6eb829d365fbfb9cf1cd08863c261
AE: VOLUNTÁRIO,ÁREAS EXECUTIVAS,OP - RECEPÇÃO TIME 1 Chácara Flora ,AE: OPERAÇÕES,2025-05-05,74f0e2c8df39e631bb5191f7888aabb6
AE: VOLUNTÁRIO,ÁREAS EXECUTIVAS,OP - RECEPÇÃO TIME 1 Chácara Flora ,AE: OPERAÇÕES,2023-03-27,2e7c5a11729951d97414f794c4b741d0
AE: VOLUNTÁRIO,ÁREAS EXECUTIVAS,OP - RECEPÇÃO TIME 1 Chácara Flora ,AE: OPERAÇÕES,2025-07-30,ec7c76743af153bd8fc1c8989b4bcd6b
AE: VOLUNTÁRIO,ÁREAS EXECUTIVAS,OP - RECEPÇÃO TIME 1 Chácara Flora ,AE: OPERAÇÕES,2024-11-04,2d62288273553f7f4f84dd7955fe8158
AE: VOLUNTÁRIO,ÁREAS EXECUTIVAS,OP - RECEPÇÃO TIME 1 Chácara Flora ,AE: OPERAÇÕES,2025-12-08,3a523e4ef3164256fff4ce116eb3cb00
AE: VOLUNTÁRIO,ÁREAS EXECUTIVAS,OP - RECEPÇÃO TIME 1 Chácara Flora ,AE: OPERAÇÕES,2023-03-27,25d96169fb95cb032a371faeee48eb16
AE: VOLUNTÁRIO,ÁREAS EXECUTIVAS,OP - RECEPÇÃO TIME 2 CHÁCARA FLORA,AE: OPERAÇÕES,2025-04-25,4f05e1187975c6b0ad25d9b05a90e7a5
AE: VOLUNTÁRIO,ÁREAS EXECUTIVAS,OP - RECEPÇÃO TIME 2 CHÁCARA FLORA,AE: OPERAÇÕES,2024-11-21,2e085f14309564c1bee7ebf4ab54c648
AE: VOLUNTÁRIO,ÁREAS EXECUTIVAS,OP - RECEPÇÃO TIME 2 CHÁCARA FLORA,AE: OPERAÇÕES,2025-09-02,1e1907563b0f3710415074c04de0f2ce
AE: VOLUNTÁRIO,ÁREAS EXECUTIVAS,OP - RECEPÇÃO TIME 2 CHÁCARA FLORA,AE: OPERAÇÕES,2025-09-02,0a09930dc2a8b7ac3cb67215f1927000
AE: VOLUNTÁRIO,ÁREAS EXECUTIVAS,OP - RECEPÇÃO TIME 2 CHÁCARA FLORA,AE: OPERAÇÕES,2024-08-05,b03767ddeb1f887d27ef0e0b9f0e3809
AE: VOLUNTÁRIO,ÁREAS EXECUTIVAS,OP - RECEPÇÃO TIME 2 CHÁCARA FLORA,AE: OPERAÇÕES,2025-12-23,6a0d3580245708b1e63466065452b2e4
AE: VOLUNTÁRIO,ÁREAS EXECUTIVAS,OP - RECEPÇÃO TIME 2 CHÁCARA FLORA,AE: OPERAÇÕES,2025-07-08,67af6f4649dba76bf28c1dbed244e1d1
AE: VOLUNTÁRIO,ÁREAS EXECUTIVAS,OP - RECEPÇÃO TIME 2 CHÁCARA FLORA,AE: OPERAÇÕES,2025-09-02,9a027b8d1adced732ebd02f07f02ba7d
AE: VOLUNTÁRIO,ÁREAS EXECUTIVAS,OP - RECEPÇÃO TIME 2 CHÁCARA FLORA,AE: OPERAÇÕES,2025-05-05,4d653994d6ee8c6465401025ec385fbd
AE: VOLUNTÁRIO,ÁREAS EXECUTIVAS,OP - RECEPÇÃO TIME 2 CHÁCARA FLORA,AE: OPERAÇÕES,2025-12-23,478ccc60dee97a8449db887359690e67
AE: VOLUNTÁRIO,ÁREAS EXECUTIVAS,OP - RECEPÇÃO TIME 2 CHÁCARA FLORA,AE: OPERAÇÕES,2025-07-22,1117d6c099827ffb70c5830e2536d434
AE: VOLUNTÁRIO,ÁREAS EXECUTIVAS,OP - RECEPÇÃO TIME 2 CHÁCARA FLORA,AE: OPERAÇÕES,2025-10-13,a2fc039f0be5070c66e7c3eff62f045a
AE: VOLUNTÁRIO,ÁREAS EXECUTIVAS,OP - RECEPÇÃO TIME 2 CHÁCARA FLORA,AE: OPERAÇÕES,2025-08-26,427e339a5eb907d91fba106811dbc3a6
AE: VOLUNTÁRIO,ÁREAS EXECUTIVAS,OP - RECEPÇÃO VOX TIME 1,AE: OPERAÇÕES,2025-10-03,145f6968f7e49c916e334a668adda457
AE: VOLUNTÁRIO,ÁREAS EXECUTIVAS,OP - RECEPÇÃO VOX TIME 1,AE: OPERAÇÕES,2024-10-27,fd5729f317525042a45f74702769ed96
AE: VOLUNTÁRIO,ÁREAS EXECUTIVAS,OP - RECEPÇÃO VOX TIME 1,AE: OPERAÇÕES,2024-07-19,b081bf1c6a3dc1917944812d8a4a13e5
AE: VOLUNTÁRIO,ÁREAS EXECUTIVAS,OP - RECEPÇÃO VOX TIME 1,AE: OPERAÇÕES,2026-03-20,54bd78e4501502c51fbb5f8544aba038
AE: VOLUNTÁRIO,ÁREAS EXECUTIVAS,OP - RECEPÇÃO VOX TIME 1,AE: OPERAÇÕES,2026-03-20,f5baf76ef1d2c0bfc26890e79e362f81
AE: VOLUNTÁRIO,ÁREAS EXECUTIVAS,OP - RECEPÇÃO VOX TIME 1,AE: OPERAÇÕES,2024-10-27,96750b9a485a48991f2f692cd0e5ec2b
AE: VOLUNTÁRIO,ÁREAS EXECUTIVAS,OP - RECEPÇÃO VOX TIME 1,AE: OPERAÇÕES,2025-11-23,27375b6de318506ba753aca6675e7c20
AE: VOLUNTÁRIO,ÁREAS EXECUTIVAS,OP - RECEPÇÃO VOX TIME 1,AE: OPERAÇÕES,2025-07-08,9fca29d4f616778a78b3781d44e9dea7
AE: VOLUNTÁRIO,ÁREAS EXECUTIVAS,OP - RECEPÇÃO VOX TIME 1,AE: OPERAÇÕES,2026-03-20,c83c24a988b3ca9af4a2a1f0fcd6c0bc
AE: VOLUNTÁRIO,ÁREAS EXECUTIVAS,OP - RECEPÇÃO VOX TIME 2,AE: OPERAÇÕES,2026-03-20,c893c61194201e52016ec492de26cd38
AE: VOLUNTÁRIO,ÁREAS EXECUTIVAS,OP - RECEPÇÃO VOX TIME 2,AE: OPERAÇÕES,2025-04-25,0421bd3885474c8bdb1b467cde336068
AE: VOLUNTÁRIO,ÁREAS EXECUTIVAS,OP - RECEPÇÃO VOX TIME 2,AE: OPERAÇÕES,2025-02-10,effbb0eb6f4034ec8a96006942100897
AE: VOLUNTÁRIO,ÁREAS EXECUTIVAS,OP - RECEPÇÃO VOX TIME 2,AE: OPERAÇÕES,2024-12-08,fef42411de737c86ca4a4ca1acb35baa
AE: VOLUNTÁRIO,ÁREAS EXECUTIVAS,OP - RECEPÇÃO VOX TIME 2,AE: OPERAÇÕES,2025-08-26,55445078143c8a098bae1a638a93d743
AE: VOLUNTÁRIO,ÁREAS EXECUTIVAS,OP - RECEPÇÃO VOX TIME 2,AE: OPERAÇÕES,2025-02-10,ed6ce0b7c3045713d5f5cfe0a7d829a2
AE: VOLUNTÁRIO,ÁREAS EXECUTIVAS,OP - RECEPÇÃO VOX TIME 2,AE: OPERAÇÕES,2025-04-25,3e9fb956d5c170fe400fd0a842737227
AE: VOLUNTÁRIO,ÁREAS EXECUTIVAS,OP - SALA VERDE E VOLUNTÁRIOS,AE: OPERAÇÕES,2025-05-21,713d0e5cc6b91500bc22c2c877e0dcc3
AE: VOLUNTÁRIO,ÁREAS EXECUTIVAS,OP - SALA VERDE E VOLUNTÁRIOS,AE: OPERAÇÕES,2026-03-30,06d3d2316c131be64d178b78504bf39c
AE: VOLUNTÁRIO,ÁREAS EXECUTIVAS,OP - SALA VERDE E VOLUNTÁRIOS,AE: OPERAÇÕES,2025-08-29,123783e0ac5b4b19ef7de863e784a013
AE: VOLUNTÁRIO,ÁREAS EXECUTIVAS,OP - SALA VERDE E VOLUNTÁRIOS,AE: OPERAÇÕES,2025-05-21,7fd1bda42e675503ca9600cb1f17a3ca
AE: VOLUNTÁRIO,ÁREAS EXECUTIVAS,OP - SALA VERDE E VOLUNTÁRIOS,AE: OPERAÇÕES,2024-10-19,68d8c2c1f591f7062338eb63289f77ba
AE: VOLUNTÁRIO,ÁREAS EXECUTIVAS,OP - SALA VERDE E VOLUNTÁRIOS,AE: OPERAÇÕES,2025-05-21,9d231bb83ff77ac20dd42e8d258ea9f8
AE: VOLUNTÁRIO,ÁREAS EXECUTIVAS,OP - SALA VERDE E VOLUNTÁRIOS,AE: OPERAÇÕES,2024-12-14,b8fdd9177e4c29df71eef0ee55176fa8
AE: VOLUNTÁRIO,ÁREAS EXECUTIVAS,OP - SALA VERDE E VOLUNTÁRIOS,AE: OPERAÇÕES,2025-05-21,5f72fedbe826da4fab570b23e35bea0c
AE: VOLUNTÁRIO,ÁREAS EXECUTIVAS,OP - SALA VERDE E VOLUNTÁRIOS,AE: OPERAÇÕES,2025-08-29,43824212e3ecd093b4894f532c43821b
AE: VOLUNTÁRIO,ÁREAS EXECUTIVAS,OP - SALA VERDE E VOLUNTÁRIOS,AE: OPERAÇÕES,2025-11-04,6fafbc2d61747a01214502c944b79b16
AE: VOLUNTÁRIO,ÁREAS EXECUTIVAS,OP - SALA VERDE E VOLUNTÁRIOS,AE: OPERAÇÕES,2025-05-21,eeb9297b063da9039bec5761c8f619a1
AE: VOLUNTÁRIO,ÁREAS EXECUTIVAS,OP - SALA VERDE E VOLUNTÁRIOS,AE: OPERAÇÕES,2026-03-30,0541b1d9083d7b7cb588b5ac0ebf1474
AE: VOLUNTÁRIO,ÁREAS EXECUTIVAS,OP - SALA VERDE E VOLUNTÁRIOS,AE: OPERAÇÕES,2024-02-22,fa414575a76a8075da1d2bbbc7627d4f
AE: VOLUNTÁRIO,ÁREAS EXECUTIVAS,OP - SALA VERDE E VOLUNTÁRIOS,AE: OPERAÇÕES,2026-03-30,576a86a3c24455089707eb3217fa7a90
AE: VOLUNTÁRIO,ÁREAS EXECUTIVAS,OP - SALA VERDE E VOLUNTÁRIOS,AE: OPERAÇÕES,2025-05-21,c2853a9be1a16f12b2aed42b2c2a1919
AE: VOLUNTÁRIO,ÁREAS EXECUTIVAS,OP - SALA VERDE E VOLUNTÁRIOS,AE: OPERAÇÕES,2025-08-29,dff4c000774c871a0d41aeaa7fba6f8d
AE: VOLUNTÁRIO,ÁREAS EXECUTIVAS,OP - SALA VERDE E VOLUNTÁRIOS,AE: OPERAÇÕES,2026-03-30,c034dc5e7104d8df09c74dc171c30a17
AE: VOLUNTÁRIO,ÁREAS EXECUTIVAS,OP - SALA VERDE E VOLUNTÁRIOS,AE: OPERAÇÕES,2024-04-05,2350e5c35619f37d1c423d134ecdc265
AE: VOLUNTÁRIO,ÁREAS EXECUTIVAS,OP - SALA VERDE E VOLUNTÁRIOS,AE: OPERAÇÕES,2024-12-14,523caae7ee53a6cfba0942837e843bf9
AE: VOLUNTÁRIO,ÁREAS EXECUTIVAS,OP - SALA VERDE E VOLUNTÁRIOS,AE: OPERAÇÕES,2025-05-21,35006fa1da9fd9e656558cd7f7926529
AE: VOLUNTÁRIO,ÁREAS EXECUTIVAS,OP - SALA VERDE E VOLUNTÁRIOS,AE: OPERAÇÕES,2024-09-09,e58408bb8c54f631b6fa79873b7b857b
AE: VOLUNTÁRIO,ÁREAS EXECUTIVAS,OP - SALA VERDE E VOLUNTÁRIOS,AE: OPERAÇÕES,2025-08-29,0a52a707ed5012b6ae8c520139473d08
AE: VOLUNTÁRIO,ÁREAS EXECUTIVAS,OP - SALA VERDE E VOLUNTÁRIOS,AE: OPERAÇÕES,2024-04-05,daaeec6c5879644f4739614a1106fafd
AE: VOLUNTÁRIO,ÁREAS EXECUTIVAS,OP - SALA VERDE E VOLUNTÁRIOS,AE: OPERAÇÕES,2024-10-19,bbdbbe1abfb84b6a8d878da2994acca2
AE: VOLUNTÁRIO,ÁREAS EXECUTIVAS,OP - SALA VERDE E VOLUNTÁRIOS,AE: OPERAÇÕES,2026-03-30,865c95af145a75baeb7cb732d88206d6
AE: VOLUNTÁRIO,ÁREAS EXECUTIVAS,OP - SALA VERDE E VOLUNTÁRIOS,AE: OPERAÇÕES,2026-03-30,f3d4eaf3c6ed0eff1caa91b09780aef9
AE: VOLUNTÁRIO,ÁREAS EXECUTIVAS,OP - SALA VERDE E VOLUNTÁRIOS,AE: OPERAÇÕES,2025-10-03,b848e21ed50784c720ae45a6bcbdfcae
AE: VOLUNTÁRIO,ÁREAS EXECUTIVAS,OP - SALA VERDE E VOLUNTÁRIOS,AE: OPERAÇÕES,2025-07-08,2228ea5504990c7f1ba6aaa60c95fabd
AE: VOLUNTÁRIO,ÁREAS EXECUTIVAS,OP - SALA VERDE TIME 1 - MANHÃ,AE: OPERAÇÕES,2025-07-01,713d0e5cc6b91500bc22c2c877e0dcc3
AE: VOLUNTÁRIO,ÁREAS EXECUTIVAS,OP - SALA VERDE TIME 1 - MANHÃ,AE: OPERAÇÕES,2024-12-08,68d8c2c1f591f7062338eb63289f77ba
AE: VOLUNTÁRIO,ÁREAS EXECUTIVAS,OP - SALA VERDE TIME 1 - MANHÃ,AE: OPERAÇÕES,2025-05-08,b8fdd9177e4c29df71eef0ee55176fa8
AE: VOLUNTÁRIO,ÁREAS EXECUTIVAS,OP - SALA VERDE TIME 1 - MANHÃ,AE: OPERAÇÕES,2026-03-30,0541b1d9083d7b7cb588b5ac0ebf1474
AE: VOLUNTÁRIO,ÁREAS EXECUTIVAS,OP - SALA VERDE TIME 1 - MANHÃ,AE: OPERAÇÕES,2025-09-09,dff4c000774c871a0d41aeaa7fba6f8d
AE: VOLUNTÁRIO,ÁREAS EXECUTIVAS,OP - SALA VERDE TIME 1 - MANHÃ,AE: OPERAÇÕES,2025-05-08,523caae7ee53a6cfba0942837e843bf9
AE: VOLUNTÁRIO,ÁREAS EXECUTIVAS,OP - SALA VERDE TIME 1 - MANHÃ,AE: OPERAÇÕES,2026-03-30,f3d4eaf3c6ed0eff1caa91b09780aef9
AE: VOLUNTÁRIO,ÁREAS EXECUTIVAS,OP - SALA VERDE TIME 1 - TARDE,AE: OPERAÇÕES,2026-02-19,6fafbc2d61747a01214502c944b79b16
AE: VOLUNTÁRIO,ÁREAS EXECUTIVAS,OP - SALA VERDE TIME 1 - TARDE,AE: OPERAÇÕES,2025-05-21,eeb9297b063da9039bec5761c8f619a1
AE: VOLUNTÁRIO,ÁREAS EXECUTIVAS,OP - SALA VERDE TIME 1 - TARDE,AE: OPERAÇÕES,2024-02-22,fa414575a76a8075da1d2bbbc7627d4f
AE: VOLUNTÁRIO,ÁREAS EXECUTIVAS,OP - SALA VERDE TIME 1 - TARDE,AE: OPERAÇÕES,2026-03-30,c034dc5e7104d8df09c74dc171c30a17
AE: VOLUNTÁRIO,ÁREAS EXECUTIVAS,OP - SALA VERDE TIME 1 - TARDE,AE: OPERAÇÕES,2024-04-05,daaeec6c5879644f4739614a1106fafd
AE: VOLUNTÁRIO,ÁREAS EXECUTIVAS,OP - SALA VERDE TIME 1 - TARDE,AE: OPERAÇÕES,2026-03-30,865c95af145a75baeb7cb732d88206d6
AE: VOLUNTÁRIO,ÁREAS EXECUTIVAS,OP - SALA VERDE TIME 1 - TARDE,AE: OPERAÇÕES,2025-07-08,2228ea5504990c7f1ba6aaa60c95fabd
AE: VOLUNTÁRIO,ÁREAS EXECUTIVAS,OP - SALA VERDE TIME 2 - MANHÃ,AE: OPERAÇÕES,2026-03-30,06d3d2316c131be64d178b78504bf39c
AE: VOLUNTÁRIO,ÁREAS EXECUTIVAS,OP - SALA VERDE TIME 2 - MANHÃ,AE: OPERAÇÕES,2025-12-09,123783e0ac5b4b19ef7de863e784a013
AE: VOLUNTÁRIO,ÁREAS EXECUTIVAS,OP - SALA VERDE TIME 2 - MANHÃ,AE: OPERAÇÕES,2025-05-21,7fd1bda42e675503ca9600cb1f17a3ca
AE: VOLUNTÁRIO,ÁREAS EXECUTIVAS,OP - SALA VERDE TIME 2 - MANHÃ,AE: OPERAÇÕES,2025-05-21,5f72fedbe826da4fab570b23e35bea0c
AE: VOLUNTÁRIO,ÁREAS EXECUTIVAS,OP - SALA VERDE TIME 2 - MANHÃ,AE: OPERAÇÕES,2026-03-30,576a86a3c24455089707eb3217fa7a90
AE: VOLUNTÁRIO,ÁREAS EXECUTIVAS,OP - SALA VERDE TIME 2 - MANHÃ,AE: OPERAÇÕES,2025-05-21,c2853a9be1a16f12b2aed42b2c2a1919
AE: VOLUNTÁRIO,ÁREAS EXECUTIVAS,OP - SALA VERDE TIME 2 - MANHÃ,AE: OPERAÇÕES,2025-12-09,2350e5c35619f37d1c423d134ecdc265
AE: VOLUNTÁRIO,ÁREAS EXECUTIVAS,OP - SALA VERDE TIME 2 - MANHÃ,AE: OPERAÇÕES,2025-12-09,b848e21ed50784c720ae45a6bcbdfcae
AE: VOLUNTÁRIO,ÁREAS EXECUTIVAS,OP - SALA VERDE TIME 2 - TARDE,AE: OPERAÇÕES,2025-05-21,9d231bb83ff77ac20dd42e8d258ea9f8
AE: VOLUNTÁRIO,ÁREAS EXECUTIVAS,OP - SALA VERDE TIME 2 - TARDE,AE: OPERAÇÕES,2025-09-09,43824212e3ecd093b4894f532c43821b
AE: VOLUNTÁRIO,ÁREAS EXECUTIVAS,OP - SALA VERDE TIME 2 - TARDE,AE: OPERAÇÕES,2025-05-21,35006fa1da9fd9e656558cd7f7926529
AE: VOLUNTÁRIO,ÁREAS EXECUTIVAS,OP - SALA VERDE TIME 2 - TARDE,AE: OPERAÇÕES,2025-01-15,e58408bb8c54f631b6fa79873b7b857b
AE: VOLUNTÁRIO,ÁREAS EXECUTIVAS,OP - SALA VERDE TIME 2 - TARDE,AE: OPERAÇÕES,2025-09-09,0a52a707ed5012b6ae8c520139473d08
AE: VOLUNTÁRIO,ÁREAS EXECUTIVAS,OP - SALA VERDE TIME 2 - TARDE,AE: OPERAÇÕES,2025-08-26,bbdbbe1abfb84b6a8d878da2994acca2
AE: VOLUNTÁRIO,ÁREAS EXECUTIVAS,OP - SEC,AE: OPERAÇÕES,2025-08-26,597dfb4055299a87a73ebddcdecbb6ba
AE: VOLUNTÁRIO,ÁREAS EXECUTIVAS,OP - SEC,AE: OPERAÇÕES,2026-02-06,3a10b03cf7e7472afdc3257ca704ccf0
AE: VOLUNTÁRIO,ÁREAS EXECUTIVAS,OP - SEC,AE: OPERAÇÕES,2026-03-20,bd9bbe9dec733e8d5532a52390a63ca7
AE: VOLUNTÁRIO,ÁREAS EXECUTIVAS,OP - SEC,AE: OPERAÇÕES,2025-08-19,0f937f9738f895eded416573723d06f8
AE: VOLUNTÁRIO,ÁREAS EXECUTIVAS,OP - SEC,AE: OPERAÇÕES,2025-11-25,dbdd191bea776596855feb6cfc4bdb78
AE: VOLUNTÁRIO,ÁREAS EXECUTIVAS,OP - SEC,AE: OPERAÇÕES,2025-08-19,a4ee74f002eb42def25c44f76f15e61b
AE: VOLUNTÁRIO,ÁREAS EXECUTIVAS,OP - SEC,AE: OPERAÇÕES,2026-02-06,e7b5ad78bc42d91495d4f843620270ec
AE: VOLUNTÁRIO,ÁREAS EXECUTIVAS,OP - SEC,AE: OPERAÇÕES,2025-08-26,168380c9163e1899c4fa1923a072f23f
AE: VOLUNTÁRIO,ÁREAS EXECUTIVAS,OP - SEC,AE: OPERAÇÕES,2025-08-19,c6af56b9fd1bd68d71f92ea6bd726fe9
AE: VOLUNTÁRIO,ÁREAS EXECUTIVAS,OP - SEC,AE: OPERAÇÕES,2025-08-19,d0ba3cef87243d25da6cf44a301e2289
AE: VOLUNTÁRIO,ÁREAS EXECUTIVAS,OP - SEC,AE: OPERAÇÕES,2025-08-19,1821ea79002f90f86999448150202e14
AE: VOLUNTÁRIO,ÁREAS EXECUTIVAS,OP - SEC,AE: OPERAÇÕES,2025-11-18,ee08fa4ac8a4fc3043731affe453eb18
AE: VOLUNTÁRIO,ÁREAS EXECUTIVAS,OP - SHABASTORE TIME 1 CHACARA FLORA MANHÃ,AE: OPERAÇÕES,2025-03-04,6c66776a92ee8dfe2eb89e8f92252bec
AE: VOLUNTÁRIO,ÁREAS EXECUTIVAS,OP - SHABASTORE TIME 1 CHACARA FLORA MANHÃ,AE: OPERAÇÕES,2025-08-19,8994cce301888f0d6aa3f031ebbe4433
AE: VOLUNTÁRIO,ÁREAS EXECUTIVAS,OP - SHABASTORE TIME 1 CHACARA FLORA MANHÃ,AE: OPERAÇÕES,2025-10-27,f02e2d69dad294807b47a22900496dfd
AE: VOLUNTÁRIO,ÁREAS EXECUTIVAS,OP - SHABASTORE TIME 1 CHACARA FLORA MANHÃ,AE: OPERAÇÕES,2025-10-27,535483df57c909806e9b27016ce7977e
AE: VOLUNTÁRIO,ÁREAS EXECUTIVAS,OP - SHABASTORE TIME 1 CHACARA FLORA MANHÃ,AE: OPERAÇÕES,2025-10-27,284cbc9025bc4db1ab0dbb2cb72b2ec0
AE: VOLUNTÁRIO,ÁREAS EXECUTIVAS,OP - SHABASTORE TIME 1 CHACARA FLORA MANHÃ,AE: OPERAÇÕES,2025-02-04,b2ebf2cfa8290a6449997ddee0c0e170
AE: VOLUNTÁRIO,ÁREAS EXECUTIVAS,OP - SHABASTORE TIME 1 CHACARA FLORA MANHÃ,AE: OPERAÇÕES,2025-10-27,dd31610785d47b082f514199cf048d1a
AE: VOLUNTÁRIO,ÁREAS EXECUTIVAS,OP - SHABASTORE TIME 1 CHACARA FLORA MANHÃ,AE: OPERAÇÕES,2025-09-01,aac92eb5797ad930f8aaacecd2627ca6
AE: VOLUNTÁRIO,ÁREAS EXECUTIVAS,OP - SHABASTORE TIME 1 CHACARA FLORA MANHÃ,AE: OPERAÇÕES,2025-09-16,51518f79e8cce100744301a5daa6b179
AE: VOLUNTÁRIO,ÁREAS EXECUTIVAS,OP - SHABASTORE TIME 1 CHACARA FLORA MANHÃ,AE: OPERAÇÕES,2025-02-04,c6601b0a4314befeefbab0b19e67da7c
AE: VOLUNTÁRIO,ÁREAS EXECUTIVAS,OP - SHABASTORE TIME 1 CHACARA FLORA MANHÃ,AE: OPERAÇÕES,2025-10-27,f015c314914ba29167de6da0c8895505
AE: VOLUNTÁRIO,ÁREAS EXECUTIVAS,OP - SHABASTORE TIME 1 CHÁCARA FLORA TARDE,AE: OPERAÇÕES,2024-12-01,cba066e151ebeebd336da7ea3565b0d3
AE: VOLUNTÁRIO,ÁREAS EXECUTIVAS,OP - SHABASTORE TIME 1 CHÁCARA FLORA TARDE,AE: OPERAÇÕES,2024-12-01,0868ab0ca5c407839af29ec642861c89
AE: VOLUNTÁRIO,ÁREAS EXECUTIVAS,OP - SHABASTORE TIME 1 CHÁCARA FLORA TARDE,AE: OPERAÇÕES,2024-04-28,77e9fa9de78fd99c64b35d903bce2cb8
AE: VOLUNTÁRIO,ÁREAS EXECUTIVAS,OP - SHABASTORE TIME 2 CHACARA FLORA MANHÃ,AE: OPERAÇÕES,2024-09-28,7bf22231548f3028125808e945ec0763
AE: VOLUNTÁRIO,ÁREAS EXECUTIVAS,OP - SHABASTORE TIME 2 CHACARA FLORA MANHÃ,AE: OPERAÇÕES,2026-01-13,cc0d254267ac8c1af1105cf04787b00c
AE: VOLUNTÁRIO,ÁREAS EXECUTIVAS,OP - SHABASTORE TIME 2 CHACARA FLORA MANHÃ,AE: OPERAÇÕES,2026-03-24,9593b95b4102e64814c0fb7496c69313
AE: VOLUNTÁRIO,ÁREAS EXECUTIVAS,OP - SHABASTORE TIME 2 CHACARA FLORA MANHÃ,AE: OPERAÇÕES,2026-03-24,7848b36fa82d032341115350697a1c7d
AE: VOLUNTÁRIO,ÁREAS EXECUTIVAS,OP - SHABASTORE TIME 2 CHACARA FLORA MANHÃ,AE: OPERAÇÕES,2024-09-23,293fb93093906c553d7c72c106b8a8bb
AE: VOLUNTÁRIO,ÁREAS EXECUTIVAS,OP - SHABASTORE TIME 2 CHACARA FLORA MANHÃ,AE: OPERAÇÕES,2026-01-13,2b673f1ad118d10d37f2f7c690e16304
AE: VOLUNTÁRIO,ÁREAS EXECUTIVAS,OP - SHABASTORE TIME 2 CHACARA FLORA MANHÃ,AE: OPERAÇÕES,2025-11-26,ae9f4a7239e28b1fdc59f3fbbcce9d23
AE: VOLUNTÁRIO,ÁREAS EXECUTIVAS,OP - SHABASTORE TIME 2 CHACARA FLORA MANHÃ,AE: OPERAÇÕES,2026-03-24,644ad9a8a36b39c0df18744030e99ba1
AE: VOLUNTÁRIO,ÁREAS EXECUTIVAS,OP - SHABASTORE TIME 2 CHACARA FLORA MANHÃ,AE: OPERAÇÕES,2026-03-24,72ae4af06f26fe4e87ee328d93793f22
AE: VOLUNTÁRIO,ÁREAS EXECUTIVAS,OP - SHABASTORE TIME 2 CHACARA FLORA MANHÃ,AE: OPERAÇÕES,2026-03-24,d9a813bb7fa00710eefebd0eaa180bb5
AE: VOLUNTÁRIO,ÁREAS EXECUTIVAS,OP - SHABASTORE TIME 2 CHÁCARA FLORA TARDE,AE: OPERAÇÕES,2025-02-04,6d844c2f054610bf44af4abfda929299
AE: VOLUNTÁRIO,ÁREAS EXECUTIVAS,OP - SHABASTORE TIME 2 CHÁCARA FLORA TARDE,AE: OPERAÇÕES,2025-02-04,36214b949bea230af5a16df50765636f
AE: VOLUNTÁRIO,ÁREAS EXECUTIVAS,OP - SHABASTORE TIME 2 CHÁCARA FLORA TARDE,AE: OPERAÇÕES,2025-11-11,e4d5fa86b95b0f09b6008fa39f4a763b
AE: VOLUNTÁRIO,ÁREAS EXECUTIVAS,OP - SHABASTORE TIME 2 CHÁCARA FLORA TARDE,AE: OPERAÇÕES,2025-11-11,53559c2f692bdfda8f673cd7770b8c35
AE: VOLUNTÁRIO,ÁREAS EXECUTIVAS,OP - SHABASTORE TIME 2 CHÁCARA FLORA TARDE,AE: OPERAÇÕES,2025-02-04,4d5d520ad7aa83cfb0f7e9fcdfe45fd9
AE: VOLUNTÁRIO,ÁREAS EXECUTIVAS,OP - SHABASTORE VOX/EKLEKTOS TIME 1,AE: OPERAÇÕES,2025-07-18,48cf10fa02e7eafe93fe05708028e654
AE: VOLUNTÁRIO,ÁREAS EXECUTIVAS,OP - SHABASTORE VOX/EKLEKTOS TIME 2,AE: OPERAÇÕES,2025-02-04,48cf10fa02e7eafe93fe05708028e654
AE: VOLUNTÁRIO,ÁREAS EXECUTIVAS,OP | APOIO EK 1,AE: OPERAÇÕES,2025-11-17,dfd378c9427bf15b7d660ece7f157c31
AE: VOLUNTÁRIO,ÁREAS EXECUTIVAS,OP | APOIO EK 1,AE: OPERAÇÕES,2025-08-31,282625aef7e15ded0aa3eb825927ffe9
AE: VOLUNTÁRIO,ÁREAS EXECUTIVAS,OP | APOIO EK 1,AE: OPERAÇÕES,2025-03-07,f979befae4f7a2b6ed6259a9d6193a5d
AE: VOLUNTÁRIO,ÁREAS EXECUTIVAS,OP | APOIO EK 1,AE: OPERAÇÕES,2025-11-17,47b8a666c6122865bae7beb71bac9854
AE: VOLUNTÁRIO,ÁREAS EXECUTIVAS,OP | APOIO EK 1,AE: OPERAÇÕES,2025-06-26,283afa206b1257a70074f13358910ea7
AE: VOLUNTÁRIO,ÁREAS EXECUTIVAS,OP | APOIO EK 1,AE: OPERAÇÕES,2025-08-31,5749ec08d1d0b08c726df7e41d3b4ed1
AE: VOLUNTÁRIO,ÁREAS EXECUTIVAS,OP | APOIO EK 2,AE: OPERAÇÕES,2025-08-29,dba0c388255fb5b2f0e8a0d202e31f76
AE: VOLUNTÁRIO,ÁREAS EXECUTIVAS,OP | APOIO EK 2,AE: OPERAÇÕES,2025-11-23,cbd01a68e9f1ea653a7891cf8fc46838
AE: VOLUNTÁRIO,ÁREAS EXECUTIVAS,OP | APOIO EK 2,AE: OPERAÇÕES,2025-11-23,807b8294dbb726ae6359de730c21450c
AE: VOLUNTÁRIO,ÁREAS EXECUTIVAS,OP | APOIO EK 2,AE: OPERAÇÕES,2025-02-08,f1a685740cd30ec755a008658cc7ac02
AE: VOLUNTÁRIO,ÁREAS EXECUTIVAS,OP | APOIO EK 2,AE: OPERAÇÕES,2025-08-29,a896f24501b7e663c4deda55d736f163
AE: VOLUNTÁRIO,ÁREAS EXECUTIVAS,OP | APOIO FLOW 1,AE: OPERAÇÕES,2024-04-25,4294913bebab1185a7c47f469cdae116
AE: VOLUNTÁRIO,ÁREAS EXECUTIVAS,OP | APOIO FLOW 1,AE: OPERAÇÕES,2024-04-25,eae424c24e8c6c9b40c4b7b7c89d37af
AE: VOLUNTÁRIO,ÁREAS EXECUTIVAS,OP | APOIO FLOW 1,AE: OPERAÇÕES,2024-04-25,1a93c4b3e917fdfbb5ec0ac72a8c91e3
AE: VOLUNTÁRIO,ÁREAS EXECUTIVAS,OP | APOIO FLOW 2,AE: OPERAÇÕES,2024-04-25,1faacb781661c526717bb871fe194ca2
AE: VOLUNTÁRIO,ÁREAS EXECUTIVAS,OP | APOIO FLOW 2,AE: OPERAÇÕES,2023-11-10,cc378f01e799eb09e0f35a66cafa5160
AE: VOLUNTÁRIO,ÁREAS EXECUTIVAS,OP | APOIO M1,AE: OPERAÇÕES,2025-05-18,0abac9baa3054785f8ca20a52101cc04
AE: VOLUNTÁRIO,ÁREAS EXECUTIVAS,OP | APOIO M1,AE: OPERAÇÕES,2025-07-28,6eb12f971e7f364d9168965b5d3856e3
AE: VOLUNTÁRIO,ÁREAS EXECUTIVAS,OP | APOIO M1,AE: OPERAÇÕES,2026-03-19,d445abc3bbc2cd0095dab6d5cfcfe431
AE: VOLUNTÁRIO,ÁREAS EXECUTIVAS,OP | APOIO M1,AE: OPERAÇÕES,2025-07-16,53e51a06b41bcf89ae8a5da0c121204b
AE: VOLUNTÁRIO,ÁREAS EXECUTIVAS,OP | APOIO M1,AE: OPERAÇÕES,2025-07-16,ef2104688985a2ee58a88c2254d521c0
AE: VOLUNTÁRIO,ÁREAS EXECUTIVAS,OP | APOIO M1,AE: OPERAÇÕES,2025-11-17,a754ec4e544fee51dddeb6a88de3693e
AE: VOLUNTÁRIO,ÁREAS EXECUTIVAS,OP | APOIO M1,AE: OPERAÇÕES,2025-09-22,8a5f3e573820f578288f159e73094deb
AE: VOLUNTÁRIO,ÁREAS EXECUTIVAS,OP | APOIO M1,AE: OPERAÇÕES,2025-08-25,b22d7a4498f112097a383932cdfef670
AE: VOLUNTÁRIO,ÁREAS EXECUTIVAS,OP | APOIO M1,AE: OPERAÇÕES,2025-09-22,085ebfa17551381115a803eb4799da94
AE: VOLUNTÁRIO,ÁREAS EXECUTIVAS,OP | APOIO M1,AE: OPERAÇÕES,2026-03-19,a534e8411ef8c225055b330b78c7afc4
AE: VOLUNTÁRIO,ÁREAS EXECUTIVAS,OP | APOIO M1,AE: OPERAÇÕES,2025-03-11,36eeac8ff6ed1629a2a2c544f51a8aeb
AE: VOLUNTÁRIO,ÁREAS EXECUTIVAS,OP | APOIO M1,AE: OPERAÇÕES,2025-09-22,c308435832442b694cdb760dbadb4935
AE: VOLUNTÁRIO,ÁREAS EXECUTIVAS,OP | APOIO M1,AE: OPERAÇÕES,2025-07-28,b8d85a41217d264d3af2413b5dee0624
AE: VOLUNTÁRIO,ÁREAS EXECUTIVAS,OP | APOIO M2,AE: OPERAÇÕES,2025-11-04,3dcaa039e04398edc0d6b774aa191b54
AE: VOLUNTÁRIO,ÁREAS EXECUTIVAS,OP | APOIO M2,AE: OPERAÇÕES,2024-11-16,1fd7811a01dfbf7b1c50347b99daf1bd
AE: VOLUNTÁRIO,ÁREAS EXECUTIVAS,OP | APOIO M2,AE: OPERAÇÕES,2025-11-04,a7eace0976d43cfcc0e31ebbddea65a8
AE: VOLUNTÁRIO,ÁREAS EXECUTIVAS,OP | APOIO M2,AE: OPERAÇÕES,2025-11-04,aac0271604cfb9122fcad9ea2b819854
AE: VOLUNTÁRIO,ÁREAS EXECUTIVAS,OP | APOIO M2,AE: OPERAÇÕES,2025-11-04,b036cfdf201ed547d0fcbf01c591237a
AE: VOLUNTÁRIO,ÁREAS EXECUTIVAS,OP | APOIO M2,AE: OPERAÇÕES,2024-11-16,63ab22f1cffc7c45eefcb84a54c4ac79
AE: VOLUNTÁRIO,ÁREAS EXECUTIVAS,OP | APOIO M2,AE: OPERAÇÕES,2025-05-05,cb816ca9d100df21300483f865c83a47
AE: VOLUNTÁRIO,ÁREAS EXECUTIVAS,OP | APOIO RISE 1,AE: OPERAÇÕES,2024-08-13,22d3741896e533e75870664c17f0cd39
AE: VOLUNTÁRIO,ÁREAS EXECUTIVAS,OP | APOIO RISE 1,AE: OPERAÇÕES,2025-04-16,1d1fce5d4f1f8a98bde23d453735cc46
AE: VOLUNTÁRIO,ÁREAS EXECUTIVAS,OP | APOIO RISE 1,AE: OPERAÇÕES,2025-03-21,bebede774adde0c4fa5f71616028fe07
AE: VOLUNTÁRIO,ÁREAS EXECUTIVAS,OP | APOIO RISE 1,AE: OPERAÇÕES,2024-08-13,784d16e43cdc9ab5e805494d087b4be4
AE: VOLUNTÁRIO,ÁREAS EXECUTIVAS,OP | APOIO RISE 1,AE: OPERAÇÕES,2024-08-13,248d7bd9fa15cbe0aace0a01e935b523
AE: VOLUNTÁRIO,ÁREAS EXECUTIVAS,OP | APOIO RISE 1,AE: OPERAÇÕES,2025-04-16,782357e02b0633ad87276bbe1524ec52
AE: VOLUNTÁRIO,ÁREAS EXECUTIVAS,OP | APOIO RISE 1,AE: OPERAÇÕES,2025-04-25,d399093004f23f7750c1e0b3893f0088
AE: VOLUNTÁRIO,ÁREAS EXECUTIVAS,OP | APOIO RISE 1,AE: OPERAÇÕES,2025-04-16,ddd2b7e47d150ac5ad9c6c567354fc7a
AE: VOLUNTÁRIO,ÁREAS EXECUTIVAS,OP | APOIO RISE 1,AE: OPERAÇÕES,2025-02-07,2e5539380993594e7cc81250ac7e370c
AE: VOLUNTÁRIO,ÁREAS EXECUTIVAS,OP | APOIO RISE 1,AE: OPERAÇÕES,2024-08-13,29edcf3c71698a1502d58ef15e30d3b3
AE: VOLUNTÁRIO,ÁREAS EXECUTIVAS,OP | APOIO RISE 1,AE: OPERAÇÕES,2025-08-31,8928b70a21a21e601e953f56478b2f88
AE: VOLUNTÁRIO,ÁREAS EXECUTIVAS,OP | APOIO RISE 2,AE: OPERAÇÕES,2025-04-23,f64a983ee7f935e03f58e0e644e0c301
AE: VOLUNTÁRIO,ÁREAS EXECUTIVAS,OP | APOIO RISE 2,AE: OPERAÇÕES,2025-02-20,3b35bee29e3c9a0ceec86ddfd34d8ae0
AE: VOLUNTÁRIO,ÁREAS EXECUTIVAS,OP | APOIO RISE 2,AE: OPERAÇÕES,2025-04-11,9ded6b4c8b3c0870144bc7d29dd8d910
AE: VOLUNTÁRIO,ÁREAS EXECUTIVAS,OP | APOIO RISE 2,AE: OPERAÇÕES,2025-04-11,569bec3cde1b16ce6a53f06440ecb56e
AE: VOLUNTÁRIO,ÁREAS EXECUTIVAS,OP | APOIO RISE 2,AE: OPERAÇÕES,2025-04-11,90b3653c2b700b739f4b1a9f598435ff
AE: VOLUNTÁRIO,ÁREAS EXECUTIVAS,OP | APOIO RISE 2,AE: OPERAÇÕES,2025-05-19,6213d923e38bd3091534e7d624652c81
AE: VOLUNTÁRIO,ÁREAS EXECUTIVAS,OP | APOIO RISE 2,AE: OPERAÇÕES,2024-08-13,ad185b83c4ebb788e2c30cd3b2644011
AE: VOLUNTÁRIO,ÁREAS EXECUTIVAS,OP | APOIO RISE 2,AE: OPERAÇÕES,2025-04-11,a0dbc6fe4106e17bb129ca2bc9b3b557
AE: VOLUNTÁRIO,ÁREAS EXECUTIVAS,OP | APOIO T1,AE: OPERAÇÕES,2025-11-18,45a9daaaed6c3bc744ce511d60010efd
AE: VOLUNTÁRIO,ÁREAS EXECUTIVAS,OP | APOIO T1,AE: OPERAÇÕES,2025-03-21,d2c061b6f11b60f1dfb1e60a2da3de5c
AE: VOLUNTÁRIO,ÁREAS EXECUTIVAS,OP | APOIO T1,AE: OPERAÇÕES,2025-08-01,c66f00e480ccaf30b5919c6468ec7701
AE: VOLUNTÁRIO,ÁREAS EXECUTIVAS,OP | APOIO T1,AE: OPERAÇÕES,2025-03-21,f5d99fb8694c80f1444ad2d921b17a09
AE: VOLUNTÁRIO,ÁREAS EXECUTIVAS,OP | APOIO T1,AE: OPERAÇÕES,2025-07-29,28114206af9dd2806d808f0c28a71029
AE: VOLUNTÁRIO,ÁREAS EXECUTIVAS,OP | APOIO T1,AE: OPERAÇÕES,2025-11-18,7973cd1eb23461517d8499d98b822ec6
AE: VOLUNTÁRIO,ÁREAS EXECUTIVAS,OP | APOIO T1,AE: OPERAÇÕES,2024-11-19,9798f0caf76f86978248636ac2c8c52d
AE: VOLUNTÁRIO,ÁREAS EXECUTIVAS,OP | APOIO T1,AE: OPERAÇÕES,2022-08-24,ebd8b1b354c006159884b89e44590ccd
AE: VOLUNTÁRIO,ÁREAS EXECUTIVAS,OP | APOIO T1,AE: OPERAÇÕES,2022-12-19,194f72b1bd70bb786dce81ac75310c67
AE: VOLUNTÁRIO,ÁREAS EXECUTIVAS,OP | APOIO T1,AE: OPERAÇÕES,2024-08-28,971bcbf423a07d1049a636f37a2e45e0
AE: VOLUNTÁRIO,ÁREAS EXECUTIVAS,OP | APOIO T1,AE: OPERAÇÕES,2025-11-18,e5370616f23b843e4d1035b07be411ef
AE: VOLUNTÁRIO,ÁREAS EXECUTIVAS,OP | APOIO T1,AE: OPERAÇÕES,2025-01-31,297cd5f0705b5e518d25b96485e2b221
AE: VOLUNTÁRIO,ÁREAS EXECUTIVAS,OP | APOIO T1,AE: OPERAÇÕES,2025-11-18,9d4f5c7e1284bf0d98b57f951a29e9d8
AE: VOLUNTÁRIO,ÁREAS EXECUTIVAS,OP | APOIO T1,AE: OPERAÇÕES,2025-08-01,60e8ced6082cd29b1edb7631c3daf031
AE: VOLUNTÁRIO,ÁREAS EXECUTIVAS,OP | APOIO T1,AE: OPERAÇÕES,2025-11-18,511c73770b24da886180af6b1e3b0772
AE: VOLUNTÁRIO,ÁREAS EXECUTIVAS,OP | APOIO T2,AE: OPERAÇÕES,2024-05-08,5740c201b7e517a5f066e1714b202f40
AE: VOLUNTÁRIO,ÁREAS EXECUTIVAS,OP | APOIO T2,AE: OPERAÇÕES,2024-04-17,e5e2b53d11835b45e55f00ea7ff6f02b
AE: VOLUNTÁRIO,ÁREAS EXECUTIVAS,OP | APOIO T2,AE: OPERAÇÕES,2024-08-09,29d2549d5afa935debd4fcd8c805a3a0
AE: VOLUNTÁRIO,ÁREAS EXECUTIVAS,OP | APOIO T2,AE: OPERAÇÕES,2024-05-08,df3a3ef65644d82e07eff1863eaa35a7
AE: VOLUNTÁRIO,ÁREAS EXECUTIVAS,OP | APOIO T2,AE: OPERAÇÕES,2023-10-22,01894159540777f2f93209b029e863c8
AE: VOLUNTÁRIO,ÁREAS EXECUTIVAS,OP | APOIO T2,AE: OPERAÇÕES,2024-10-20,1a025833af4409fdc0e74c9b46486726
AE: VOLUNTÁRIO,ÁREAS EXECUTIVAS,OP | APOIO VOX 1,AE: OPERAÇÕES,2025-11-23,d01e352b9eacf41883f2cf17a5e42c35
AE: VOLUNTÁRIO,ÁREAS EXECUTIVAS,OP | APOIO VOX 1,AE: OPERAÇÕES,2025-11-23,c314586fe1900d6beadb287c2aa06641
AE: VOLUNTÁRIO,ÁREAS EXECUTIVAS,OP | APOIO VOX 1,AE: OPERAÇÕES,2024-11-18,59da7f2021f38eacf343ec56dbb76d0b
AE: VOLUNTÁRIO,ÁREAS EXECUTIVAS,OP | APOIO VOX 1,AE: OPERAÇÕES,2025-11-23,ca2d54fddb9e62e4a20d93558b911227
AE: VOLUNTÁRIO,ÁREAS EXECUTIVAS,OP | APOIO VOX 1,AE: OPERAÇÕES,2024-11-18,ddc22657f5a74ba008f2629b48c30453
AE: VOLUNTÁRIO,ÁREAS EXECUTIVAS,OP | APOIO VOX 1,AE: OPERAÇÕES,2025-11-23,e394f3cee3b2e8c15c7b53efca82a09f
AE: VOLUNTÁRIO,ÁREAS EXECUTIVAS,OP | APOIO VOX 2,AE: OPERAÇÕES,2025-11-24,d3e5011ab949933f80a26a11da8b51d8
AE: VOLUNTÁRIO,ÁREAS EXECUTIVAS,OP | APOIO VOX 2,AE: OPERAÇÕES,2025-08-05,e34b94e2940dc74051c5cf8e089c731b
AE: VOLUNTÁRIO,ÁREAS EXECUTIVAS,OP | APOIO VOX 2,AE: OPERAÇÕES,2024-10-02,aaf6371791f9b589d5700c473a8dd8a4
AE: VOLUNTÁRIO,ÁREAS EXECUTIVAS,OP | APOIO VOX 2,AE: OPERAÇÕES,2025-11-24,16878888e14575ca7340d847f364d15c
AE: VOLUNTÁRIO,ÁREAS EXECUTIVAS,OP | APOIO VOX 2,AE: OPERAÇÕES,2025-11-24,57ddb5ead22cf05a5f601d2aa8ce4a57
AE: VOLUNTÁRIO,ÁREAS EXECUTIVAS,OP | APOIO VOX 2,AE: OPERAÇÕES,2024-10-02,a7d84ca71ff8adf4092c9ccc3dcd0564
AE: VOLUNTÁRIO,ÁREAS EXECUTIVAS,OP | APOIO VOX 2,AE: OPERAÇÕES,2025-11-24,a35f1f2431935cbc65f5bbb26d8652c1
AE: VOLUNTÁRIO,ÁREAS EXECUTIVAS,OP | APOIO VOX 2,AE: OPERAÇÕES,2024-10-02,852bc6abfcd2d6cf2d48c1e9f5996bb7
AE: VOLUNTÁRIO,ÁREAS EXECUTIVAS,OP LOGÍSTICA - EKLEKTOS TIME 1,AE: OPERAÇÕES,2024-12-08,406484624ff74e74d63beaa362fc4d4d
AE: VOLUNTÁRIO,ÁREAS EXECUTIVAS,OP LOGÍSTICA - EKLEKTOS TIME 2,AE: OPERAÇÕES,2023-04-10,daa7618d3f4427c9178c95c690112f93
AE: VOLUNTÁRIO,ÁREAS EXECUTIVAS,OP LOGÍSTICA - EKLEKTOS TIME 2,AE: OPERAÇÕES,2023-04-18,1b4f9b4bfed9769d2475252acdcc5de3
AE: VOLUNTÁRIO,ÁREAS EXECUTIVAS,OP LOGÍSTICA - EKLEKTOS TIME 2,AE: OPERAÇÕES,2024-11-20,38f6d5e8954ae0efa9a13c7cb41d6d4b
AE: VOLUNTÁRIO,ÁREAS EXECUTIVAS,OP LOGÍSTICA - TIME 1 Manhã ,AE: OPERAÇÕES,2025-10-07,ccfd6d57592794d64a78302c3b1174e2
AE: VOLUNTÁRIO,ÁREAS EXECUTIVAS,OP LOGÍSTICA - TIME 1 Manhã ,AE: OPERAÇÕES,2024-03-11,15d807b1adf1acd6f48baf687c2aac6c
AE: VOLUNTÁRIO,ÁREAS EXECUTIVAS,OP LOGÍSTICA - TIME 1 Manhã ,AE: OPERAÇÕES,2025-10-07,9eaac5122cf148cfd09636965a1a08c9
AE: VOLUNTÁRIO,ÁREAS EXECUTIVAS,OP LOGÍSTICA - TIME 1 Manhã ,AE: OPERAÇÕES,2025-02-11,bf5b7ccc8274d01758f852bcb80a17a8
AE: VOLUNTÁRIO,ÁREAS EXECUTIVAS,OP LOGÍSTICA - TIME 1 Manhã ,AE: OPERAÇÕES,2026-03-02,58107e4e4b5fe072ebaca36bc7c9d285
AE: VOLUNTÁRIO,ÁREAS EXECUTIVAS,OP LOGÍSTICA - TIME 1 Manhã ,AE: OPERAÇÕES,2022-08-30,c158551825b482448887e98107ff7243
AE: VOLUNTÁRIO,ÁREAS EXECUTIVAS,OP LOGÍSTICA - TIME 1 Tarde,AE: OPERAÇÕES,2025-08-25,751326f7fb19a66b1c14cde6f275f36e
AE: VOLUNTÁRIO,ÁREAS EXECUTIVAS,OP LOGÍSTICA - TIME 1 Tarde,AE: OPERAÇÕES,2025-07-15,39422130b7c0d1910b032279af5820db
AE: VOLUNTÁRIO,ÁREAS EXECUTIVAS,OP LOGÍSTICA - TIME 1 Tarde,AE: OPERAÇÕES,2026-01-19,ac33f1105fe8d04facffe5675a79b916
AE: VOLUNTÁRIO,ÁREAS EXECUTIVAS,OP LOGÍSTICA - TIME 1 Tarde,AE: OPERAÇÕES,2025-08-25,2fd8530ecfd0bfe32f3084add96ead5a
AE: VOLUNTÁRIO,ÁREAS EXECUTIVAS,OP LOGÍSTICA - TIME 2 tarde,AE: OPERAÇÕES,2025-08-25,e1c652c526d6e2291340f310642c1a58
AE: VOLUNTÁRIO,ÁREAS EXECUTIVAS,OP LOGÍSTICA - TIME 2 tarde,AE: OPERAÇÕES,2025-08-25,80ddcde2a33a416c5aac2cf7e5a32fe9
AE: VOLUNTÁRIO,ÁREAS EXECUTIVAS,OP LOGÍSTICA - TIME 2 tarde,AE: OPERAÇÕES,2026-03-02,a6e890ae9b03bd4d2335d562fa40027a
AE: VOLUNTÁRIO,ÁREAS EXECUTIVAS,OP LOGÍSTICA - TIME 2 tarde,AE: OPERAÇÕES,2025-08-25,fabb4a5efc4d1f4c158c5a4212bb1425
AE: VOLUNTÁRIO,ÁREAS EXECUTIVAS,OP LOGÍSTICA - TIME 2 tarde,AE: OPERAÇÕES,2025-08-25,7fe25758b09f528dfd3bdfb71b2bb241
AE: VOLUNTÁRIO,ÁREAS EXECUTIVAS,OP LOGÍSTICA - VOX TIME 1,AE: OPERAÇÕES,2025-01-31,32c40d1e456d133d6c1212e9825b63c3
AE: VOLUNTÁRIO,ÁREAS EXECUTIVAS,OP LOGÍSTICA - VOX TIME 1,AE: OPERAÇÕES,2025-07-15,89eb7095e3264089ba14368ff1d3842f
AE: VOLUNTÁRIO,ÁREAS EXECUTIVAS,OP LOGÍSTICA - VOX TIME 1,AE: OPERAÇÕES,2025-07-15,c093ac9a604419c034ff35fe05d1917a
AE: VOLUNTÁRIO,ÁREAS EXECUTIVAS,OP LOGÍSTICA - VOX TIME 1,AE: OPERAÇÕES,2025-07-29,634f7a5668edb6bddcedfe5794244ea2
AE: VOLUNTÁRIO,ÁREAS EXECUTIVAS,OP LOGÍSTICA - VOX TIME 2,AE: OPERAÇÕES,2026-01-19,fbae065d79f790ac48c860779fc0d943
AE: VOLUNTÁRIO,ÁREAS EXECUTIVAS,OP LOGÍSTICA - VOX TIME 2,AE: OPERAÇÕES,2024-08-10,f69e827dd29972ce87a881b12d817de0
AE: VOLUNTÁRIO,ÁREAS EXECUTIVAS,OP LOGÍSTICA - VOX TIME 2,AE: OPERAÇÕES,2026-01-19,b438da91244860a6af7407f1e18f2137
AE: VOLUNTÁRIO,ÁREAS EXECUTIVAS,OP LOGÍSTICA - VOX TIME 2,AE: OPERAÇÕES,2024-08-10,3f203123d378e95b204f83dbf24f2a0a
AE: VOLUNTÁRIO,ÁREAS EXECUTIVAS,OP LOGÍSTICA - VOX TIME 2,AE: OPERAÇÕES,2025-01-30,8522c6e3d5e6edb78ae0a415e5d8f748
AE: VOLUNTÁRIO,ÁREAS EXECUTIVAS,OP LOGÍSTICA - VOX TIME 2,AE: OPERAÇÕES,2026-01-19,e6ba94d1c18ef65f53e2b7b69d5ef6cf
AE: VOLUNTÁRIO,ÁREAS EXECUTIVAS,OP OHANA CAFÉ - TIME 1 MORUMBI,AE: OPERAÇÕES,2025-08-03,8994cce301888f0d6aa3f031ebbe4433
AE: VOLUNTÁRIO,ÁREAS EXECUTIVAS,OP OHANA CAFÉ - TIME 1 MORUMBI,AE: OPERAÇÕES,2025-04-15,ce3b9f316852ea0acf26cc793e542c3e
AE: VOLUNTÁRIO,ÁREAS EXECUTIVAS,OP OHANA CAFÉ - TIME 1 MORUMBI,AE: OPERAÇÕES,2024-05-14,7848b36fa82d032341115350697a1c7d
AE: VOLUNTÁRIO,ÁREAS EXECUTIVAS,OP OHANA CAFÉ - TIME 1 MORUMBI,AE: OPERAÇÕES,2023-04-09,d0ba3cef87243d25da6cf44a301e2289
AE: VOLUNTÁRIO,ÁREAS EXECUTIVAS,OP OHANA CAFÉ - TIME 1 MORUMBI,AE: OPERAÇÕES,2024-11-15,aea3072745020a1c6b3e704b65c4b8e5
AE: VOLUNTÁRIO,ÁREAS EXECUTIVAS,OP OHANA CAFÉ - TIME 1 MORUMBI,AE: OPERAÇÕES,2025-03-17,aac92eb5797ad930f8aaacecd2627ca6
AE: VOLUNTÁRIO,ÁREAS EXECUTIVAS,OP OHANA CAFÉ - TIME 1 MORUMBI,AE: OPERAÇÕES,2024-08-08,b848e21ed50784c720ae45a6bcbdfcae
AE: VOLUNTÁRIO,ÁREAS EXECUTIVAS,OP OHANA CAFÉ - TIME 1 MORUMBI,AE: OPERAÇÕES,2022-08-03,72ae4af06f26fe4e87ee328d93793f22
AE: VOLUNTÁRIO,ÁREAS EXECUTIVAS,OP OHANA CAFÉ - TIME 2 MORUMBI,AE: OPERAÇÕES,2024-06-09,fb905e28dfdaa4ac3d991b15ebd99154
AE: VOLUNTÁRIO,ÁREAS EXECUTIVAS,OP OHANA CAFÉ - TIME 2 MORUMBI,AE: OPERAÇÕES,2025-01-12,cde7966aa8588f4b28d3f80f02096ed1
AE: VOLUNTÁRIO,ÁREAS EXECUTIVAS,OP OHANA CAFÉ - TIME 2 MORUMBI,AE: OPERAÇÕES,2025-10-21,f0ea5fde0067c4b5d42d40a512b00ed7
AE: VOLUNTÁRIO,ÁREAS EXECUTIVAS,OP OHANA CAFÉ - TIME 2 MORUMBI,AE: OPERAÇÕES,2025-04-13,bc55603c06e652ec316b86fded27f72a
AE: VOLUNTÁRIO,ÁREAS EXECUTIVAS,OP OHANA CAFÉ - TIME 2 MORUMBI,AE: OPERAÇÕES,2025-01-12,aab2edf034743bc1179104b77e1a0114
AE: VOLUNTÁRIO,ÁREAS EXECUTIVAS,OP OHANA CAFÉ - TIME 2 MORUMBI,AE: OPERAÇÕES,2024-06-09,710db2a8dda82173a77745f6542a0514
AE: VOLUNTÁRIO,ÁREAS EXECUTIVAS,OP OHANA CAFÉ - TIME 2 MORUMBI,AE: OPERAÇÕES,2025-10-21,df150fdae0bb96163fac3ecd21bdab79
AE: VOLUNTÁRIO,ÁREAS EXECUTIVAS,OP OHANA CAFÉ - TIME 2 MORUMBI,AE: OPERAÇÕES,2025-10-21,5527b28790a78cd2cb2a2e8f747082ba
AE: VOLUNTÁRIO,ÁREAS EXECUTIVAS,OP OHANA CAFÉ - TIME 2 MORUMBI,AE: OPERAÇÕES,2025-01-12,76359f7fc73a2e85a38e6956ba1ec012
AE: VOLUNTÁRIO,ÁREAS EXECUTIVAS,OP OHANA CAFÉ - TIME 2 MORUMBI,AE: OPERAÇÕES,2025-04-13,a6c3b5510c1a85c15657870c7d56be1c
AE: VOLUNTÁRIO,ÁREAS EXECUTIVAS,OP OHANA CAFÉ - VOX TIME 1,AE: OPERAÇÕES,2023-08-25,df1058ed38164f16389fd4a0f407cf4e
AE: VOLUNTÁRIO,ÁREAS EXECUTIVAS,OP OHANA CAFÉ - VOX TIME 1,AE: OPERAÇÕES,2024-08-29,c661a88bc968853efafe10ae87278ffa
AE: VOLUNTÁRIO,ÁREAS EXECUTIVAS,OP OHANA CAFÉ - VOX TIME 1,AE: OPERAÇÕES,2025-12-02,aee1f1e1a83a2d814d2a05ef5116bd81
AE: VOLUNTÁRIO,ÁREAS EXECUTIVAS,OP OHANA CAFÉ - VOX TIME 1,AE: OPERAÇÕES,2025-01-10,28cf4bff9329e79c2de09bbb84a13fd5
AE: VOLUNTÁRIO,ÁREAS EXECUTIVAS,OP OHANA CAFÉ - VOX TIME 1,AE: OPERAÇÕES,2024-11-18,0ac7fb3f4919f8d50d8460e60455786e
AE: VOLUNTÁRIO,ÁREAS EXECUTIVAS,OP OHANA CAFÉ - VOX TIME 1,AE: OPERAÇÕES,2023-11-12,93fd7b4e73506350f34596a2ce70b4e8
AE: VOLUNTÁRIO,ÁREAS EXECUTIVAS,OP OHANA CAFÉ - VOX TIME 1,AE: OPERAÇÕES,2025-12-02,19059e45cc1baaa4cceb5486e75ba2ed
AE: VOLUNTÁRIO,ÁREAS EXECUTIVAS,OP RECEPÇÃO - TIME 3 ChÁCARA FLORA,AE: OPERAÇÕES,2024-07-26,3f8206903dcce2288d9815ef9b0c6f71
AE: VOLUNTÁRIO,ÁREAS EXECUTIVAS,OP RECEPÇÃO - TIME 3 ChÁCARA FLORA,AE: OPERAÇÕES,2025-12-23,dc7fb97271ec7b1fa2a49460bd6a76ff
AE: VOLUNTÁRIO,ÁREAS EXECUTIVAS,OP RECEPÇÃO - TIME 3 ChÁCARA FLORA,AE: OPERAÇÕES,2025-06-08,d5cba3a7b0d92e6614ec4dbbbc3340c2
AE: VOLUNTÁRIO,ÁREAS EXECUTIVAS,OP RECEPÇÃO - TIME 3 ChÁCARA FLORA,AE: OPERAÇÕES,2025-02-04,8ccb7e8868b2875151183ca9b9e83134
AE: VOLUNTÁRIO,ÁREAS EXECUTIVAS,OP RECEPÇÃO - TIME 3 ChÁCARA FLORA,AE: OPERAÇÕES,2025-12-23,57034d877d8877ad5d13efd8d6f684c3
AE: VOLUNTÁRIO,ÁREAS EXECUTIVAS,OP RECEPÇÃO - TIME 3 ChÁCARA FLORA,AE: OPERAÇÕES,2025-03-11,af71eb4f1d3d9f7a36edb2b25d72c38e
AE: VOLUNTÁRIO,ÁREAS EXECUTIVAS,OP RECEPÇÃO - TIME 3 ChÁCARA FLORA,AE: OPERAÇÕES,2025-04-25,c4c10f4e0697c8508854b552425c4a37
AE: VOLUNTÁRIO,ÁREAS EXECUTIVAS,OP RECEPÇÃO - TIME 3 ChÁCARA FLORA,AE: OPERAÇÕES,2025-12-23,01cbcc7b4b46104d09ec19e23a41ad36
AE: VOLUNTÁRIO,ÁREAS EXECUTIVAS,OP RECEPÇÃO - TIME 3 ChÁCARA FLORA,AE: OPERAÇÕES,2025-04-25,1e7813eff6a9d6acacc9474c7868dc6e
AE: VOLUNTÁRIO,ÁREAS EXECUTIVAS,OP RECEPÇÃO - TIME 3 ChÁCARA FLORA,AE: OPERAÇÕES,2024-10-21,40358e0610aa23b21a943730d6fa9ba5
AE: VOLUNTÁRIO,ÁREAS EXECUTIVAS,OP RECEPÇÃO - TIME 3 ChÁCARA FLORA,AE: OPERAÇÕES,2025-06-08,9a704e71de9d2cdf7e4851373cc834a5
AE: VOLUNTÁRIO,ÁREAS EXECUTIVAS,OP RECEPÇÃO - TIME 4 CHÁCARA FLORA,AE: OPERAÇÕES,2026-03-16,d2c061b6f11b60f1dfb1e60a2da3de5c
AE: VOLUNTÁRIO,ÁREAS EXECUTIVAS,OP RECEPÇÃO - TIME 4 CHÁCARA FLORA,AE: OPERAÇÕES,2025-08-26,f87848a1d07df76891c0748ea18b911f
AE: VOLUNTÁRIO,ÁREAS EXECUTIVAS,OP RECEPÇÃO - TIME 4 CHÁCARA FLORA,AE: OPERAÇÕES,2024-08-04,f90b74e13a52d871c6332a1967b22c5c
AE: VOLUNTÁRIO,ÁREAS EXECUTIVAS,OP RECEPÇÃO - TIME 4 CHÁCARA FLORA,AE: OPERAÇÕES,2025-09-22,74286702fabdbbd1a26c87e4a89c2781
AE: VOLUNTÁRIO,ÁREAS EXECUTIVAS,OP RECEPÇÃO - TIME 4 CHÁCARA FLORA,AE: OPERAÇÕES,2025-04-25,e26f9c891322a1d4328238eac410a9f9
AE: VOLUNTÁRIO,ÁREAS EXECUTIVAS,OP RECEPÇÃO - TIME 4 CHÁCARA FLORA,AE: OPERAÇÕES,2024-03-26,e0cf305f5887d403a2c35f172a0a218d
AE: VOLUNTÁRIO,ÁREAS EXECUTIVAS,OP RECEPÇÃO - TIME 4 CHÁCARA FLORA,AE: OPERAÇÕES,2025-12-16,2de50c3ab289000c1dc474ce84855f58
AE: VOLUNTÁRIO,ÁREAS EXECUTIVAS,OP RECEPÇÃO - TIME 4 CHÁCARA FLORA,AE: OPERAÇÕES,2024-11-06,7b40b8dff3a0a8e6153a792095aa07c0
AE: VOLUNTÁRIO,ÁREAS EXECUTIVAS,OP RECEPÇÃO - TIME 4 CHÁCARA FLORA,AE: OPERAÇÕES,2025-12-16,329de8e381bf01e5c70fecf52f547fd6
AE: VOLUNTÁRIO,ÁREAS EXECUTIVAS,OP RECEPÇÃO - TIME 4 CHÁCARA FLORA,AE: OPERAÇÕES,2025-11-03,85861802c54603b1fb45941056854ce9
AE: VOLUNTÁRIO,ÁREAS EXECUTIVAS,PP - COMUNICAÇÃO,AE: PEOPLE,2023-08-31,077bd38639309dc9ad100628bfbb4dc0
AE: VOLUNTÁRIO,ÁREAS EXECUTIVAS,PP - COMUNICAÇÃO,AE: PEOPLE,2025-11-24,d69fdb6d50a95ff30b50cb2a15509e81
AE: VOLUNTÁRIO,ÁREAS EXECUTIVAS,PP - COMUNICAÇÃO,AE: PEOPLE,2025-11-24,7a30879ef9a523256d3a829ad0bdbb35
AE: VOLUNTÁRIO,ÁREAS EXECUTIVAS,PP - COMUNICAÇÃO,AE: PEOPLE,2026-02-22,3a434403ed6dcb786ff427fdceb96a92
AE: VOLUNTÁRIO,ÁREAS EXECUTIVAS,PP - COMUNICAÇÃO,AE: PEOPLE,2023-08-03,b71f9f6e869c702e6d2f7ab9492b76eb
AE: VOLUNTÁRIO,ÁREAS EXECUTIVAS,PP - COMUNICAÇÃO,AE: PEOPLE,2026-02-10,98cd60a638f2fd007ef2ed7ca13066ef
AE: VOLUNTÁRIO,ÁREAS EXECUTIVAS,PP - COMUNICAÇÃO,AE: PEOPLE,2024-11-24,af929e40844ed5234361c51346586f16
AE: VOLUNTÁRIO,ÁREAS EXECUTIVAS,PP - COMUNICAÇÃO,AE: PEOPLE,2025-11-25,78825ed0ce3966e9cd2c3ac34beb3da7
AE: VOLUNTÁRIO,ÁREAS EXECUTIVAS,PP - GERENCIAMENTO DE VOLUNTÁRIOS,AE: PEOPLE,2025-11-25,cffc4eb2d573f5da899177c4df792f7e
AE: VOLUNTÁRIO,ÁREAS EXECUTIVAS,PP - GERENCIAMENTO DE VOLUNTÁRIOS,AE: PEOPLE,2025-09-09,7e8f39e8178538c8e56633d0ef8ef154
AE: VOLUNTÁRIO,ÁREAS EXECUTIVAS,PP - GERENCIAMENTO DE VOLUNTÁRIOS,AE: PEOPLE,2025-09-09,e8ea6d729d12b20eda45cc41a49923f1
AE: VOLUNTÁRIO,ÁREAS EXECUTIVAS,PP - GERENCIAMENTO DE VOLUNTÁRIOS,AE: PEOPLE,2025-11-25,64515d56c6cfbbae66118716f655c5ab
AE: VOLUNTÁRIO,ÁREAS EXECUTIVAS,PP - GERENCIAMENTO DE VOLUNTÁRIOS,AE: PEOPLE,2025-11-25,dfd63f85e43957db61aaf80475d78198
AE: VOLUNTÁRIO,ÁREAS EXECUTIVAS,PP - GERENCIAMENTO DE VOLUNTÁRIOS,AE: PEOPLE,2026-02-21,c558ee1246aec8a5945d7c00dcbe531e
AE: VOLUNTÁRIO,ÁREAS EXECUTIVAS,PP - GERENCIAMENTO DE VOLUNTÁRIOS,AE: PEOPLE,2025-05-27,4b11381849cbcfeff494aa3fac3d5496
AE: VOLUNTÁRIO,ÁREAS EXECUTIVAS,PP - GERENCIAMENTO DE VOLUNTÁRIOS,AE: PEOPLE,2025-11-25,b17048a1a5059132def57b5eb17c9c6b
AE: VOLUNTÁRIO,ÁREAS EXECUTIVAS,PP - GERENCIAMENTO DE VOLUNTÁRIOS,AE: PEOPLE,2025-11-23,18cd0af833b1e91d99f5c950634a992a
AE: VOLUNTÁRIO,ÁREAS EXECUTIVAS,PP - GERENCIAMENTO DE VOLUNTÁRIOS,AE: PEOPLE,2025-11-23,eaad7d967258a7273d86e2bf62a211d2
AE: VOLUNTÁRIO,ÁREAS EXECUTIVAS,PP - GERENCIAMENTO DE VOLUNTÁRIOS,AE: PEOPLE,2026-02-21,8117839537014e13497fbffa702e9f3e
AE: VOLUNTÁRIO,ÁREAS EXECUTIVAS,PP - INTEGRAÇÃO DE VOLUNTÁRIOS,AE: PEOPLE,2026-02-21,7276f6fa653ce296cdc16c219ef52981
AE: VOLUNTÁRIO,ÁREAS EXECUTIVAS,PP - INTEGRAÇÃO DE VOLUNTÁRIOS,AE: PEOPLE,2024-11-14,cb4b30d6c3bc7cbdbfd99030e3e99c8c
AE: VOLUNTÁRIO,ÁREAS EXECUTIVAS,PP - INTEGRAÇÃO DE VOLUNTÁRIOS,AE: PEOPLE,2026-02-21,b989197675327d39d055be011d1b02ba
AE: VOLUNTÁRIO,ÁREAS EXECUTIVAS,PP - INTEGRAÇÃO DE VOLUNTÁRIOS,AE: PEOPLE,2026-02-21,fec1e091b606141394f94e1fc09d6d94
AE: VOLUNTÁRIO,ÁREAS EXECUTIVAS,PP - INTEGRAÇÃO DE VOLUNTÁRIOS,AE: PEOPLE,2026-02-21,52364c890edd51662eb0fdbfea9499d6
AE: VOLUNTÁRIO,ÁREAS EXECUTIVAS,PP - INTEGRAÇÃO DE VOLUNTÁRIOS,AE: PEOPLE,2025-11-23,89291ab727e73fd042c5c4cb1c6e8b0a
AE: VOLUNTÁRIO,ÁREAS EXECUTIVAS,PP - INTEGRAÇÃO DE VOLUNTÁRIOS,AE: PEOPLE,2026-02-21,7f908d1a0aae9eadccd612a0ccb37524
AE: VOLUNTÁRIO,ÁREAS EXECUTIVAS,PP - INTEGRAÇÃO DE VOLUNTÁRIOS,AE: PEOPLE,2026-02-21,95dc17a6379cbd95e70ed613534fdd88
AE: VOLUNTÁRIO,ÁREAS EXECUTIVAS,PP - INTEGRAÇÃO DE VOLUNTÁRIOS,AE: PEOPLE,2024-04-13,9292aa975538cd5292ba4d2dcc0c9d80
AE: VOLUNTÁRIO,ÁREAS EXECUTIVAS,PP - INTEGRAÇÃO DE VOLUNTÁRIOS,AE: PEOPLE,2024-12-08,4137e4995820d74b3088c4a17ca31ad8
AE: VOLUNTÁRIO,ÁREAS EXECUTIVAS,PP - INTEGRAÇÃO DE VOLUNTÁRIOS,AE: PEOPLE,2025-11-23,da57b33687facc9e2b8fbf06b25a3d76
AE: VOLUNTÁRIO,ÁREAS EXECUTIVAS,PP - INTEGRAÇÃO DE VOLUNTÁRIOS,AE: PEOPLE,2025-11-23,9558186423887c0d9a02a44080ede305
AE: VOLUNTÁRIO,ÁREAS EXECUTIVAS,PP - INTEGRAÇÃO DE VOLUNTÁRIOS,AE: PEOPLE,2026-02-21,e3e84f13361ed2cc82bdcc7c7c07d5bc
AE: VOLUNTÁRIO,ÁREAS EXECUTIVAS,PP - INTEGRAÇÃO DE VOLUNTÁRIOS,AE: PEOPLE,2025-02-24,0eebddbac0bc8c7bce9f10d0d056e045
AE: VOLUNTÁRIO,ÁREAS EXECUTIVAS,PP - INTEGRAÇÃO DE VOLUNTÁRIOS,AE: PEOPLE,2026-02-21,97a040053be6e9de295365be416c22a5
AE: VOLUNTÁRIO,ÁREAS EXECUTIVAS,PP - INTEGRAÇÃO DE VOLUNTÁRIOS,AE: PEOPLE,2025-11-23,00dbe109bbaad505fb15c9811ff2fba6
AE: VOLUNTÁRIO,ÁREAS EXECUTIVAS,PP - INTEGRAÇÃO DE VOLUNTÁRIOS,AE: PEOPLE,2026-02-21,00d1c8436044e2a63bb32cd6acd614c4
AE: VOLUNTÁRIO,ÁREAS EXECUTIVAS,PP - INTEGRAÇÃO DE VOLUNTÁRIOS,AE: PEOPLE,2024-11-14,f23baa3ed3d9767c6d10e1348eca2a6e
AE: VOLUNTÁRIO,ÁREAS EXECUTIVAS,PP - INTEGRAÇÃO DE VOLUNTÁRIOS,AE: PEOPLE,2026-02-21,19127937489217ebce5b0edc39bbf5aa
AE: VOLUNTÁRIO,ÁREAS EXECUTIVAS,PP - INTEGRAÇÃO DE VOLUNTÁRIOS,AE: PEOPLE,2025-11-23,4046a091b97afb0f099eafa57e120404
AE: VOLUNTÁRIO,ÁREAS EXECUTIVAS,PP - INTEGRAÇÃO DE VOLUNTÁRIOS,AE: PEOPLE,2025-11-23,f12b6d5dc82a4cd1f8099dc3139dd404
AE: VOLUNTÁRIO,ÁREAS EXECUTIVAS,PP - INTEGRAÇÃO DE VOLUNTÁRIOS,AE: PEOPLE,2026-02-21,292a482665481fea276ea5fc5d14a7c8
AE: VOLUNTÁRIO,ÁREAS EXECUTIVAS,PP - INTEGRAÇÃO DE VOLUNTÁRIOS,AE: PEOPLE,2026-02-21,fe3609765e97a50192fad624f4c051b5
AE: VOLUNTÁRIO,ÁREAS EXECUTIVAS,PP - INTEGRAÇÃO DE VOLUNTÁRIOS,AE: PEOPLE,2026-02-21,f7f010d98a25126c1c5b4d8864a09b4b
Anfitrião,ÁREAS EXECUTIVAS,MM - EKLEKTOS - FOTOGRAFIA,AE: MULTIMÍDIA,,e11403e79252ba3ff0dc0a492b286d55
Coord. Geral 1,ÁREAS EXECUTIVAS,MM - BACKSTAGE,AE: MULTIMÍDIA,2024-01-30,0d8c5b7c63667d145ca7884177d2b751
Coord. Geral 1,ÁREAS EXECUTIVAS,MM - COMUNICAÇÃO RISE,AE: MULTIMÍDIA,2025-09-14,be2c83b98b3b0578956335ac3a8cf189
Coord. Geral 1,ÁREAS EXECUTIVAS,MM - SOM,AE: MULTIMÍDIA,2025-11-23,0d8c5b7c63667d145ca7884177d2b751
Coord. Geral 1,ÁREAS EXECUTIVAS,OP - SALA VERDE E VOLUNTÁRIOS,AE: OPERAÇÕES,2025-03-14,86157b3a59071c0f5be0500df0c886de
Coord. Geral 1,ÁREAS EXECUTIVAS,OP - SHABASTORE TIME 2 CHACARA FLORA MANHÃ,AE: OPERAÇÕES,2025-05-04,248d7bd9fa15cbe0aace0a01e935b523
Coord. Geral 1,ÁREAS EXECUTIVAS,OP - SHABASTORE TIME 2 CHÁCARA FLORA TARDE,AE: OPERAÇÕES,2025-05-04,248d7bd9fa15cbe0aace0a01e935b523
Coord. Geral 1,ÁREAS EXECUTIVAS,MM - DEVELOPERS,AE: MULTIMÍDIA,,0d8c5b7c63667d145ca7884177d2b751
Coord. Geral 1,ÁREAS EXECUTIVAS,MM - GRAPHIC CONTENT,AE: MULTIMÍDIA,,523d2c35453379597b6b4ac773b019ef
Coord. Geral 1,ÁREAS EXECUTIVAS,MM - GRAPHIC CONTENT RISE,AE: MULTIMÍDIA,,26d14083cb761cff52812a08e13e0ec2
Coord. Geral 1,ÁREAS EXECUTIVAS,MM - TÉCNICA,AE: MULTIMÍDIA,,4d38c243a184f02f295b9e0df5f9831a
Coord. Geral 1,ÁREAS EXECUTIVAS,OP - ACESSIBILIDADE,AE: OPERAÇÕES,,86157b3a59071c0f5be0500df0c886de
Coord. Geral 1,ÁREAS EXECUTIVAS,MM - MÍDIAS,AE: MULTIMÍDIA,,0d8c5b7c63667d145ca7884177d2b751
Coord. Geral 1,ÁREAS EXECUTIVAS,OP - LOGÍSTICA EKL TIME 2,AE: OPERAÇÕES,,86157b3a59071c0f5be0500df0c886de
Coord. Geral 1,ÁREAS EXECUTIVAS,OP - LOGÍSTICA TIME 2 Manhã ,AE: OPERAÇÕES,,86157b3a59071c0f5be0500df0c886de
Coord. Geral 1,ÁREAS EXECUTIVAS,OP - RECEPÇÃO FLOW TIME 1,AE: OPERAÇÕES,,86157b3a59071c0f5be0500df0c886de
Coord. Geral 1,ÁREAS EXECUTIVAS,OP - RECEPÇÃO TIME 1 Chácara Flora ,AE: OPERAÇÕES,,86157b3a59071c0f5be0500df0c886de
Coord. Geral 1,ÁREAS EXECUTIVAS,OP - RECEPÇÃO TIME 2 CHÁCARA FLORA,AE: OPERAÇÕES,,86157b3a59071c0f5be0500df0c886de
Coord. Geral 1,ÁREAS EXECUTIVAS,OP - RECEPÇÃO VOX TIME 1,AE: OPERAÇÕES,,86157b3a59071c0f5be0500df0c886de
Coord. Geral 1,ÁREAS EXECUTIVAS,OP - SEC,AE: OPERAÇÕES,,86157b3a59071c0f5be0500df0c886de
Coord. Geral 1,ÁREAS EXECUTIVAS,OP | APOIO RISE 2,AE: OPERAÇÕES,,86157b3a59071c0f5be0500df0c886de
Coord. Geral 1,ÁREAS EXECUTIVAS,OP | APOIO VOX 1,AE: OPERAÇÕES,,86157b3a59071c0f5be0500df0c886de
Coord. Geral 1,ÁREAS EXECUTIVAS,OP LOGÍSTICA - TIME 1 Manhã ,AE: OPERAÇÕES,,86157b3a59071c0f5be0500df0c886de
Coord. Geral 1,ÁREAS EXECUTIVAS,OP RECEPÇÃO - TIME 3 ChÁCARA FLORA,AE: OPERAÇÕES,,86157b3a59071c0f5be0500df0c886de
Coord. Geral 1,ÁREAS EXECUTIVAS,MM - LIVESTREAM,AE: MULTIMÍDIA,,0d8c5b7c63667d145ca7884177d2b751
Coord. Geral 1,ÁREAS EXECUTIVAS,MM - EKLEKTOS - FOTOGRAFIA,AE: MULTIMÍDIA,,523d2c35453379597b6b4ac773b019ef
Coord. Geral 1,ÁREAS EXECUTIVAS,MM - EKLEKTOS - GRAPHIC CONTENT,AE: MULTIMÍDIA,,523d2c35453379597b6b4ac773b019ef
Coord. Geral 1,ÁREAS EXECUTIVAS,MM - LIVESTREAM RISE,AE: MULTIMÍDIA,,26d14083cb761cff52812a08e13e0ec2
Coord. Geral 1,ÁREAS EXECUTIVAS,MM - VOX - BACKSTAGE & MANAGER ,AE: MULTIMÍDIA,,523d2c35453379597b6b4ac773b019ef
Coord. Geral 1,ÁREAS EXECUTIVAS,MM - VOX - LIVESTREAM,AE: MULTIMÍDIA,,523d2c35453379597b6b4ac773b019ef
Coord. Geral 1,ÁREAS EXECUTIVAS,OP - MANAGER,AE: OPERAÇÕES,,86157b3a59071c0f5be0500df0c886de
Coord. Geral 1,ÁREAS EXECUTIVAS,OP - MANAGER EKLEKTOS,AE: OPERAÇÕES,,86157b3a59071c0f5be0500df0c886de
Coord. Geral 1,ÁREAS EXECUTIVAS,OP - MANAGER FLOW,AE: OPERAÇÕES,,86157b3a59071c0f5be0500df0c886de
Coord. Geral 1,ÁREAS EXECUTIVAS,OP - MANAGER VOX,AE: OPERAÇÕES,,83426ad92e65c71868a3fd5ccdf04147
Coord. Geral 1,ÁREAS EXECUTIVAS,OP - OHANA CAFÉ EKLEKTOS TIME 1,AE: OPERAÇÕES,,711d15f7cc1539c81688257ed52d4649
Coord. Geral 1,ÁREAS EXECUTIVAS,OP - OHANA CAFÉ RISE TIME 1,AE: OPERAÇÕES,,86157b3a59071c0f5be0500df0c886de
Coord. Geral 1,ÁREAS EXECUTIVAS,MM - BACKSTAGE RISE,AE: MULTIMÍDIA,,26d14083cb761cff52812a08e13e0ec2
Coord. Geral 1,ÁREAS EXECUTIVAS,MM - EKLEKTOS - BACKSTAGE,AE: MULTIMÍDIA,,523d2c35453379597b6b4ac773b019ef
Coord. Geral 1,ÁREAS EXECUTIVAS,MM - EKLEKTOS COMUNICAÇÃO,AE: MULTIMÍDIA,,4d38c243a184f02f295b9e0df5f9831a
Coord. Geral 1,ÁREAS EXECUTIVAS,MM - FOTOGRAFIA,AE: MULTIMÍDIA,,0d8c5b7c63667d145ca7884177d2b751
Coord. Geral 1,ÁREAS EXECUTIVAS,MM - MANAGER,AE: MULTIMÍDIA,,4d38c243a184f02f295b9e0df5f9831a
Coord. Geral 1,ÁREAS EXECUTIVAS,MM - VOX - GRAPHIC CONTENT,AE: MULTIMÍDIA,,523d2c35453379597b6b4ac773b019ef
Coord. Geral 1,ÁREAS EXECUTIVAS,OP - COOKING TIME 1,AE: OPERAÇÕES,,86157b3a59071c0f5be0500df0c886de
Coord. Geral 1,ÁREAS EXECUTIVAS,OP - COOKING TIME 2 ,AE: OPERAÇÕES,,86157b3a59071c0f5be0500df0c886de
Coord. Geral 1,ÁREAS EXECUTIVAS,OP - LOGÍSTICA EKL TIME 1,AE: OPERAÇÕES,,86157b3a59071c0f5be0500df0c886de
Coord. Geral 1,ÁREAS EXECUTIVAS,OP - RECEPÇÃO EKLEKTOS TIME 1,AE: OPERAÇÕES,,86157b3a59071c0f5be0500df0c886de
Coord. Geral 1,ÁREAS EXECUTIVAS,OP - RECEPÇÃO EKLEKTOS TIME 2,AE: OPERAÇÕES,,86157b3a59071c0f5be0500df0c886de
Coord. Geral 1,ÁREAS EXECUTIVAS,OP - RECEPÇÃO VOX TIME 2,AE: OPERAÇÕES,,86157b3a59071c0f5be0500df0c886de
Coord. Geral 1,ÁREAS EXECUTIVAS,OP - SALA VERDE TIME 1 - MANHÃ,AE: OPERAÇÕES,,86157b3a59071c0f5be0500df0c886de
Coord. Geral 1,ÁREAS EXECUTIVAS,OP - SALA VERDE TIME 1 - TARDE,AE: OPERAÇÕES,,86157b3a59071c0f5be0500df0c886de
Coord. Geral 1,ÁREAS EXECUTIVAS,OP - SALA VERDE TIME 2 - MANHÃ,AE: OPERAÇÕES,,86157b3a59071c0f5be0500df0c886de
Coord. Geral 1,ÁREAS EXECUTIVAS,OP - SALA VERDE TIME 2 - TARDE,AE: OPERAÇÕES,,86157b3a59071c0f5be0500df0c886de
Coord. Geral 1,ÁREAS EXECUTIVAS,OP - SHABASTORE TIME 1 CHACARA FLORA MANHÃ,AE: OPERAÇÕES,,248d7bd9fa15cbe0aace0a01e935b523
Coord. Geral 1,ÁREAS EXECUTIVAS,OP - SHABASTORE TIME 1 CHÁCARA FLORA TARDE,AE: OPERAÇÕES,,248d7bd9fa15cbe0aace0a01e935b523
Coord. Geral 1,ÁREAS EXECUTIVAS,OP - SHABASTORE VOX/EKLEKTOS TIME 1,AE: OPERAÇÕES,,248d7bd9fa15cbe0aace0a01e935b523
Coord. Geral 1,ÁREAS EXECUTIVAS,OP - SHABASTORE VOX/EKLEKTOS TIME 2,AE: OPERAÇÕES,,248d7bd9fa15cbe0aace0a01e935b523
Coord. Geral 1,ÁREAS EXECUTIVAS,OP | APOIO EK 1,AE: OPERAÇÕES,,86157b3a59071c0f5be0500df0c886de
Coord. Geral 1,ÁREAS EXECUTIVAS,OP | APOIO EK 2,AE: OPERAÇÕES,,86157b3a59071c0f5be0500df0c886de
Coord. Geral 1,ÁREAS EXECUTIVAS,OP | APOIO FLOW 1,AE: OPERAÇÕES,,86157b3a59071c0f5be0500df0c886de
Coord. Geral 1,ÁREAS EXECUTIVAS,OP | APOIO FLOW 2,AE: OPERAÇÕES,,86157b3a59071c0f5be0500df0c886de
Coord. Geral 1,ÁREAS EXECUTIVAS,OP | APOIO M1,AE: OPERAÇÕES,,86157b3a59071c0f5be0500df0c886de
Coord. Geral 1,ÁREAS EXECUTIVAS,OP | APOIO M2,AE: OPERAÇÕES,,86157b3a59071c0f5be0500df0c886de
Coord. Geral 1,ÁREAS EXECUTIVAS,OP | APOIO RISE 1,AE: OPERAÇÕES,,86157b3a59071c0f5be0500df0c886de
Coord. Geral 1,ÁREAS EXECUTIVAS,OP | APOIO T1,AE: OPERAÇÕES,,86157b3a59071c0f5be0500df0c886de
Coord. Geral 1,ÁREAS EXECUTIVAS,OP | APOIO T2,AE: OPERAÇÕES,,86157b3a59071c0f5be0500df0c886de
Coord. Geral 1,ÁREAS EXECUTIVAS,OP | APOIO VOX 2,AE: OPERAÇÕES,,86157b3a59071c0f5be0500df0c886de
Coord. Geral 1,ÁREAS EXECUTIVAS,OP LOGÍSTICA - EKLEKTOS TIME 1,AE: OPERAÇÕES,,86157b3a59071c0f5be0500df0c886de
Coord. Geral 1,ÁREAS EXECUTIVAS,OP LOGÍSTICA - EKLEKTOS TIME 2,AE: OPERAÇÕES,,86157b3a59071c0f5be0500df0c886de
Coord. Geral 1,ÁREAS EXECUTIVAS,OP LOGÍSTICA - TIME 1 Tarde,AE: OPERAÇÕES,,86157b3a59071c0f5be0500df0c886de
Coord. Geral 1,ÁREAS EXECUTIVAS,OP LOGÍSTICA - TIME 2 tarde,AE: OPERAÇÕES,,86157b3a59071c0f5be0500df0c886de
Coord. Geral 1,ÁREAS EXECUTIVAS,OP LOGÍSTICA - VOX TIME 1,AE: OPERAÇÕES,,86157b3a59071c0f5be0500df0c886de
Coord. Geral 1,ÁREAS EXECUTIVAS,OP LOGÍSTICA - VOX TIME 2,AE: OPERAÇÕES,,86157b3a59071c0f5be0500df0c886de
Coord. Geral 1,ÁREAS EXECUTIVAS,OP RECEPÇÃO - TIME 4 CHÁCARA FLORA,AE: OPERAÇÕES,,86157b3a59071c0f5be0500df0c886de
Coord. Geral 1,ÁREAS EXECUTIVAS,PP - COMUNICAÇÃO,AE: PEOPLE,,438404b1b709fddf76ecfcb4b0a046fb
Coord. Geral 1,ÁREAS EXECUTIVAS,PP - GERENCIAMENTO DE VOLUNTÁRIOS,AE: PEOPLE,,438404b1b709fddf76ecfcb4b0a046fb
Coord. Geral 1,ÁREAS EXECUTIVAS,PP - INTEGRAÇÃO DE VOLUNTÁRIOS,AE: PEOPLE,,438404b1b709fddf76ecfcb4b0a046fb
Coord. Geral 1,ÁREAS EXECUTIVAS,MM - DESIGNERS,AE: MULTIMÍDIA,,0d8c5b7c63667d145ca7884177d2b751
Coord. Geral 1,ÁREAS EXECUTIVAS,MM - EKLEKTOS - LIVESTREAM,AE: MULTIMÍDIA,,523d2c35453379597b6b4ac773b019ef
Coord. Geral 1,ÁREAS EXECUTIVAS,MM - TI,AE: MULTIMÍDIA,,4d38c243a184f02f295b9e0df5f9831a
Coord. Geral 2,ÁREAS EXECUTIVAS,OP - SALA VERDE E VOLUNTÁRIOS,AE: OPERAÇÕES,2025-03-14,c21179e2c7fc11a4f0c273310634808d
Coord. Geral 2,ÁREAS EXECUTIVAS,OP | APOIO T2,AE: OPERAÇÕES,2024-05-08,c21179e2c7fc11a4f0c273310634808d
Coord. Geral 2,ÁREAS EXECUTIVAS,MM - GRAPHIC CONTENT,AE: MULTIMÍDIA,,0d8c5b7c63667d145ca7884177d2b751
Coord. Geral 2,ÁREAS EXECUTIVAS,MM - GRAPHIC CONTENT RISE,AE: MULTIMÍDIA,,dbd6a830fab4d11e048fd0736f0be5d2
Coord. Geral 2,ÁREAS EXECUTIVAS,MM - SOM,AE: MULTIMÍDIA,,523d2c35453379597b6b4ac773b019ef
Coord. Geral 2,ÁREAS EXECUTIVAS,MM - TÉCNICA,AE: MULTIMÍDIA,,0d8c5b7c63667d145ca7884177d2b751
Coord. Geral 2,ÁREAS EXECUTIVAS,OP - ACESSIBILIDADE,AE: OPERAÇÕES,,c21179e2c7fc11a4f0c273310634808d
Coord. Geral 2,ÁREAS EXECUTIVAS,MM - MÍDIAS,AE: MULTIMÍDIA,,523d2c35453379597b6b4ac773b019ef
Coord. Geral 2,ÁREAS EXECUTIVAS,OP - LOGÍSTICA EKL TIME 2,AE: OPERAÇÕES,,c21179e2c7fc11a4f0c273310634808d
Coord. Geral 2,ÁREAS EXECUTIVAS,OP - LOGÍSTICA TIME 2 Manhã ,AE: OPERAÇÕES,,c21179e2c7fc11a4f0c273310634808d
Coord. Geral 2,ÁREAS EXECUTIVAS,OP - RECEPÇÃO FLOW TIME 1,AE: OPERAÇÕES,,c21179e2c7fc11a4f0c273310634808d
Coord. Geral 2,ÁREAS EXECUTIVAS,OP - RECEPÇÃO TIME 1 Chácara Flora ,AE: OPERAÇÕES,,c21179e2c7fc11a4f0c273310634808d
Coord. Geral 2,ÁREAS EXECUTIVAS,OP - RECEPÇÃO TIME 2 CHÁCARA FLORA,AE: OPERAÇÕES,,c21179e2c7fc11a4f0c273310634808d
Coord. Geral 2,ÁREAS EXECUTIVAS,OP - RECEPÇÃO VOX TIME 1,AE: OPERAÇÕES,,c21179e2c7fc11a4f0c273310634808d
Coord. Geral 2,ÁREAS EXECUTIVAS,OP - SEC,AE: OPERAÇÕES,,c21179e2c7fc11a4f0c273310634808d
Coord. Geral 2,ÁREAS EXECUTIVAS,OP | APOIO RISE 2,AE: OPERAÇÕES,,c21179e2c7fc11a4f0c273310634808d
Coord. Geral 2,ÁREAS EXECUTIVAS,OP | APOIO VOX 1,AE: OPERAÇÕES,,c21179e2c7fc11a4f0c273310634808d
Coord. Geral 2,ÁREAS EXECUTIVAS,OP LOGÍSTICA - TIME 1 Manhã ,AE: OPERAÇÕES,,c21179e2c7fc11a4f0c273310634808d
Coord. Geral 2,ÁREAS EXECUTIVAS,OP RECEPÇÃO - TIME 3 ChÁCARA FLORA,AE: OPERAÇÕES,,c21179e2c7fc11a4f0c273310634808d
Coord. Geral 2,ÁREAS EXECUTIVAS,MM - LIVESTREAM,AE: MULTIMÍDIA,,523d2c35453379597b6b4ac773b019ef
Coord. Geral 2,ÁREAS EXECUTIVAS,MM - EKLEKTOS - FOTOGRAFIA,AE: MULTIMÍDIA,,0d8c5b7c63667d145ca7884177d2b751
Coord. Geral 2,ÁREAS EXECUTIVAS,MM - EKLEKTOS - GRAPHIC CONTENT,AE: MULTIMÍDIA,,0d8c5b7c63667d145ca7884177d2b751
Coord. Geral 2,ÁREAS EXECUTIVAS,MM - LIVESTREAM RISE,AE: MULTIMÍDIA,,dbd6a830fab4d11e048fd0736f0be5d2
Coord. Geral 2,ÁREAS EXECUTIVAS,MM - VOX - BACKSTAGE & MANAGER ,AE: MULTIMÍDIA,,0d8c5b7c63667d145ca7884177d2b751
Coord. Geral 2,ÁREAS EXECUTIVAS,MM - VOX - LIVESTREAM,AE: MULTIMÍDIA,,0d8c5b7c63667d145ca7884177d2b751
Coord. Geral 2,ÁREAS EXECUTIVAS,OP - MANAGER,AE: OPERAÇÕES,,c21179e2c7fc11a4f0c273310634808d
Coord. Geral 2,ÁREAS EXECUTIVAS,OP - MANAGER EKLEKTOS,AE: OPERAÇÕES,,c21179e2c7fc11a4f0c273310634808d
Coord. Geral 2,ÁREAS EXECUTIVAS,OP - MANAGER FLOW,AE: OPERAÇÕES,,c21179e2c7fc11a4f0c273310634808d
Coord. Geral 2,ÁREAS EXECUTIVAS,OP - MANAGER VOX,AE: OPERAÇÕES,,06cd52c8e8dcc6f06504e6bd7ba9f49d
Coord. Geral 2,ÁREAS EXECUTIVAS,OP - OHANA CAFÉ RISE TIME 1,AE: OPERAÇÕES,,c21179e2c7fc11a4f0c273310634808d
Coord. Geral 2,ÁREAS EXECUTIVAS,MM - BACKSTAGE RISE,AE: MULTIMÍDIA,,dbd6a830fab4d11e048fd0736f0be5d2
Coord. Geral 2,ÁREAS EXECUTIVAS,MM - EKLEKTOS - BACKSTAGE,AE: MULTIMÍDIA,,0d8c5b7c63667d145ca7884177d2b751
Coord. Geral 2,ÁREAS EXECUTIVAS,MM - EKLEKTOS COMUNICAÇÃO,AE: MULTIMÍDIA,,0d8c5b7c63667d145ca7884177d2b751
Coord. Geral 2,ÁREAS EXECUTIVAS,MM - MANAGER,AE: MULTIMÍDIA,,0d8c5b7c63667d145ca7884177d2b751
Coord. Geral 2,ÁREAS EXECUTIVAS,MM - VOX - GRAPHIC CONTENT,AE: MULTIMÍDIA,,0d8c5b7c63667d145ca7884177d2b751
Coord. Geral 2,ÁREAS EXECUTIVAS,OP - COOKING TIME 1,AE: OPERAÇÕES,,c21179e2c7fc11a4f0c273310634808d
Coord. Geral 2,ÁREAS EXECUTIVAS,OP - COOKING TIME 2 ,AE: OPERAÇÕES,,c21179e2c7fc11a4f0c273310634808d
Coord. Geral 2,ÁREAS EXECUTIVAS,OP - LOGÍSTICA EKL TIME 1,AE: OPERAÇÕES,,c21179e2c7fc11a4f0c273310634808d
Coord. Geral 2,ÁREAS EXECUTIVAS,OP - RECEPÇÃO EKLEKTOS TIME 1,AE: OPERAÇÕES,,c21179e2c7fc11a4f0c273310634808d
Coord. Geral 2,ÁREAS EXECUTIVAS,OP - RECEPÇÃO EKLEKTOS TIME 2,AE: OPERAÇÕES,,c21179e2c7fc11a4f0c273310634808d
Coord. Geral 2,ÁREAS EXECUTIVAS,OP - RECEPÇÃO VOX TIME 2,AE: OPERAÇÕES,,c21179e2c7fc11a4f0c273310634808d
Coord. Geral 2,ÁREAS EXECUTIVAS,OP - SALA VERDE TIME 1 - MANHÃ,AE: OPERAÇÕES,,c21179e2c7fc11a4f0c273310634808d
Coord. Geral 2,ÁREAS EXECUTIVAS,OP - SALA VERDE TIME 1 - TARDE,AE: OPERAÇÕES,,c21179e2c7fc11a4f0c273310634808d
Coord. Geral 2,ÁREAS EXECUTIVAS,OP - SALA VERDE TIME 2 - MANHÃ,AE: OPERAÇÕES,,c21179e2c7fc11a4f0c273310634808d
Coord. Geral 2,ÁREAS EXECUTIVAS,OP - SALA VERDE TIME 2 - TARDE,AE: OPERAÇÕES,,c21179e2c7fc11a4f0c273310634808d
Coord. Geral 2,ÁREAS EXECUTIVAS,OP | APOIO EK 1,AE: OPERAÇÕES,,c21179e2c7fc11a4f0c273310634808d
Coord. Geral 2,ÁREAS EXECUTIVAS,OP | APOIO EK 2,AE: OPERAÇÕES,,c21179e2c7fc11a4f0c273310634808d
Coord. Geral 2,ÁREAS EXECUTIVAS,OP | APOIO FLOW 1,AE: OPERAÇÕES,,c21179e2c7fc11a4f0c273310634808d
Coord. Geral 2,ÁREAS EXECUTIVAS,OP | APOIO FLOW 2,AE: OPERAÇÕES,,c21179e2c7fc11a4f0c273310634808d
Coord. Geral 2,ÁREAS EXECUTIVAS,OP | APOIO M1,AE: OPERAÇÕES,,c21179e2c7fc11a4f0c273310634808d
Coord. Geral 2,ÁREAS EXECUTIVAS,OP | APOIO M2,AE: OPERAÇÕES,,c21179e2c7fc11a4f0c273310634808d
Coord. Geral 2,ÁREAS EXECUTIVAS,OP | APOIO RISE 1,AE: OPERAÇÕES,,c21179e2c7fc11a4f0c273310634808d
Coord. Geral 2,ÁREAS EXECUTIVAS,OP | APOIO T1,AE: OPERAÇÕES,,c21179e2c7fc11a4f0c273310634808d
Coord. Geral 2,ÁREAS EXECUTIVAS,OP | APOIO VOX 2,AE: OPERAÇÕES,,c21179e2c7fc11a4f0c273310634808d
Coord. Geral 2,ÁREAS EXECUTIVAS,OP LOGÍSTICA - EKLEKTOS TIME 1,AE: OPERAÇÕES,,c21179e2c7fc11a4f0c273310634808d
Coord. Geral 2,ÁREAS EXECUTIVAS,OP LOGÍSTICA - EKLEKTOS TIME 2,AE: OPERAÇÕES,,c21179e2c7fc11a4f0c273310634808d
Coord. Geral 2,ÁREAS EXECUTIVAS,OP LOGÍSTICA - TIME 1 Tarde,AE: OPERAÇÕES,,c21179e2c7fc11a4f0c273310634808d
Coord. Geral 2,ÁREAS EXECUTIVAS,OP LOGÍSTICA - TIME 2 tarde,AE: OPERAÇÕES,,c21179e2c7fc11a4f0c273310634808d
Coord. Geral 2,ÁREAS EXECUTIVAS,OP LOGÍSTICA - VOX TIME 1,AE: OPERAÇÕES,,c21179e2c7fc11a4f0c273310634808d
Coord. Geral 2,ÁREAS EXECUTIVAS,OP LOGÍSTICA - VOX TIME 2,AE: OPERAÇÕES,,c21179e2c7fc11a4f0c273310634808d
Coord. Geral 2,ÁREAS EXECUTIVAS,OP RECEPÇÃO - TIME 4 CHÁCARA FLORA,AE: OPERAÇÕES,,c21179e2c7fc11a4f0c273310634808d
Coord. Geral 2,ÁREAS EXECUTIVAS,PP - COMUNICAÇÃO,AE: PEOPLE,,14b8d47b10ac5c83eb7d1af271e2d949
Coord. Geral 2,ÁREAS EXECUTIVAS,PP - GERENCIAMENTO DE VOLUNTÁRIOS,AE: PEOPLE,,14b8d47b10ac5c83eb7d1af271e2d949
Coord. Geral 2,ÁREAS EXECUTIVAS,PP - INTEGRAÇÃO DE VOLUNTÁRIOS,AE: PEOPLE,,14b8d47b10ac5c83eb7d1af271e2d949
Coord. Geral 2,ÁREAS EXECUTIVAS,MM - DESIGNERS,AE: MULTIMÍDIA,,523d2c35453379597b6b4ac773b019ef
Coord. Geral 2,ÁREAS EXECUTIVAS,MM - EKLEKTOS - LIVESTREAM,AE: MULTIMÍDIA,,0d8c5b7c63667d145ca7884177d2b751
Coord. Geral 2,ÁREAS EXECUTIVAS,MM - TI,AE: MULTIMÍDIA,,0d8c5b7c63667d145ca7884177d2b751
Coord. Geral 3,ÁREAS EXECUTIVAS,OP - MANAGER VOX,AE: OPERAÇÕES,2026-01-15,186f9c18f6057e4cbbf6248f4653590a
Coord. Geral 3,ÁREAS EXECUTIVAS,OP - RECEPÇÃO VOX TIME 1,AE: OPERAÇÕES,2024-07-26,06cd52c8e8dcc6f06504e6bd7ba9f49d
Coord. Geral 3,ÁREAS EXECUTIVAS,OP - RECEPÇÃO VOX TIME 2,AE: OPERAÇÕES,2024-07-26,06cd52c8e8dcc6f06504e6bd7ba9f49d
Coord. Geral 3,ÁREAS EXECUTIVAS,OP | APOIO VOX 1,AE: OPERAÇÕES,2024-08-13,83426ad92e65c71868a3fd5ccdf04147
Coord. Geral 3,ÁREAS EXECUTIVAS,OP | APOIO VOX 2,AE: OPERAÇÕES,2025-02-07,83426ad92e65c71868a3fd5ccdf04147
Coord. Geral 3,ÁREAS EXECUTIVAS,OP - LOGÍSTICA EKL TIME 2,AE: OPERAÇÕES,,b9466ca1b18e93815bc37add87153bab
Coord. Geral 3,ÁREAS EXECUTIVAS,OP - RECEPÇÃO FLOW TIME 1,AE: OPERAÇÕES,,b0ecc72764355544486f898a94bb6ce4
Coord. Geral 3,ÁREAS EXECUTIVAS,MM - EKLEKTOS - FOTOGRAFIA,AE: MULTIMÍDIA,,e89b5ab251bd1fd339df7077a4c0bed8
Coord. Geral 3,ÁREAS EXECUTIVAS,MM - EKLEKTOS - GRAPHIC CONTENT,AE: MULTIMÍDIA,,e89b5ab251bd1fd339df7077a4c0bed8
Coord. Geral 3,ÁREAS EXECUTIVAS,MM - VOX - BACKSTAGE & MANAGER ,AE: MULTIMÍDIA,,83426ad92e65c71868a3fd5ccdf04147
Coord. Geral 3,ÁREAS EXECUTIVAS,MM - VOX - LIVESTREAM,AE: MULTIMÍDIA,,83426ad92e65c71868a3fd5ccdf04147
Coord. Geral 3,ÁREAS EXECUTIVAS,OP - MANAGER,AE: OPERAÇÕES,,186f9c18f6057e4cbbf6248f4653590a
Coord. Geral 3,ÁREAS EXECUTIVAS,OP - MANAGER EKLEKTOS,AE: OPERAÇÕES,,e89b5ab251bd1fd339df7077a4c0bed8
Coord. Geral 3,ÁREAS EXECUTIVAS,OP - MANAGER FLOW,AE: OPERAÇÕES,,b0ecc72764355544486f898a94bb6ce4
Coord. Geral 3,ÁREAS EXECUTIVAS,OP - OHANA CAFÉ RISE TIME 1,AE: OPERAÇÕES,,26d14083cb761cff52812a08e13e0ec2
Coord. Geral 3,ÁREAS EXECUTIVAS,MM - EKLEKTOS - BACKSTAGE,AE: MULTIMÍDIA,,e89b5ab251bd1fd339df7077a4c0bed8
Coord. Geral 3,ÁREAS EXECUTIVAS,MM - EKLEKTOS COMUNICAÇÃO,AE: MULTIMÍDIA,,e89b5ab251bd1fd339df7077a4c0bed8
Coord. Geral 3,ÁREAS EXECUTIVAS,MM - VOX - GRAPHIC CONTENT,AE: MULTIMÍDIA,,83426ad92e65c71868a3fd5ccdf04147
Coord. Geral 3,ÁREAS EXECUTIVAS,OP - COOKING TIME 2 ,AE: OPERAÇÕES,,24919edb9e57cc97baeaa9cbb349b64a
Coord. Geral 3,ÁREAS EXECUTIVAS,OP - RECEPÇÃO EKLEKTOS TIME 1,AE: OPERAÇÕES,,e89b5ab251bd1fd339df7077a4c0bed8
Coord. Geral 3,ÁREAS EXECUTIVAS,OP - RECEPÇÃO EKLEKTOS TIME 2,AE: OPERAÇÕES,,af1c9dce3bfa68a01b1a6e257d6a9956
Coord. Geral 3,ÁREAS EXECUTIVAS,OP LOGÍSTICA - EKLEKTOS TIME 2,AE: OPERAÇÕES,,e89b5ab251bd1fd339df7077a4c0bed8
Coord. Geral 3,ÁREAS EXECUTIVAS,OP LOGÍSTICA - VOX TIME 1,AE: OPERAÇÕES,,83426ad92e65c71868a3fd5ccdf04147
Coord. Geral 3,ÁREAS EXECUTIVAS,OP LOGÍSTICA - VOX TIME 2,AE: OPERAÇÕES,,83426ad92e65c71868a3fd5ccdf04147
Coord. Geral 3,ÁREAS EXECUTIVAS,MM - EKLEKTOS - LIVESTREAM,AE: MULTIMÍDIA,,e89b5ab251bd1fd339df7077a4c0bed8
Coord. Geral 4,ÁREAS EXECUTIVAS,OP - RECEPÇÃO VOX TIME 1,AE: OPERAÇÕES,2024-07-26,83426ad92e65c71868a3fd5ccdf04147
Coord. Geral 4,ÁREAS EXECUTIVAS,OP - RECEPÇÃO VOX TIME 2,AE: OPERAÇÕES,2024-07-26,83426ad92e65c71868a3fd5ccdf04147
Coord. Geral 4,ÁREAS EXECUTIVAS,OP | APOIO VOX 1,AE: OPERAÇÕES,2024-08-13,06cd52c8e8dcc6f06504e6bd7ba9f49d
Coord. Geral 4,ÁREAS EXECUTIVAS,OP | APOIO VOX 2,AE: OPERAÇÕES,2025-02-07,06cd52c8e8dcc6f06504e6bd7ba9f49d
Coord. Geral 4,ÁREAS EXECUTIVAS,OP - LOGÍSTICA EKL TIME 2,AE: OPERAÇÕES,,9faeb49fc6640b796f6d40d6931f9c37
Coord. Geral 4,ÁREAS EXECUTIVAS,OP - RECEPÇÃO FLOW TIME 1,AE: OPERAÇÕES,,ae8bb2b122f37be6005fb52b9cd463ba
Coord. Geral 4,ÁREAS EXECUTIVAS,MM - EKLEKTOS - FOTOGRAFIA,AE: MULTIMÍDIA,,af1c9dce3bfa68a01b1a6e257d6a9956
Coord. Geral 4,ÁREAS EXECUTIVAS,MM - EKLEKTOS - GRAPHIC CONTENT,AE: MULTIMÍDIA,,af1c9dce3bfa68a01b1a6e257d6a9956
Coord. Geral 4,ÁREAS EXECUTIVAS,MM - VOX - BACKSTAGE & MANAGER ,AE: MULTIMÍDIA,,06cd52c8e8dcc6f06504e6bd7ba9f49d
Coord. Geral 4,ÁREAS EXECUTIVAS,MM - VOX - LIVESTREAM,AE: MULTIMÍDIA,,06cd52c8e8dcc6f06504e6bd7ba9f49d
Coord. Geral 4,ÁREAS EXECUTIVAS,OP - MANAGER EKLEKTOS,AE: OPERAÇÕES,,af1c9dce3bfa68a01b1a6e257d6a9956
Coord. Geral 4,ÁREAS EXECUTIVAS,OP - MANAGER FLOW,AE: OPERAÇÕES,,ae8bb2b122f37be6005fb52b9cd463ba
Coord. Geral 4,ÁREAS EXECUTIVAS,OP - OHANA CAFÉ RISE TIME 1,AE: OPERAÇÕES,,dbd6a830fab4d11e048fd0736f0be5d2
Coord. Geral 4,ÁREAS EXECUTIVAS,MM - EKLEKTOS - BACKSTAGE,AE: MULTIMÍDIA,,af1c9dce3bfa68a01b1a6e257d6a9956
Coord. Geral 4,ÁREAS EXECUTIVAS,MM - EKLEKTOS COMUNICAÇÃO,AE: MULTIMÍDIA,,af1c9dce3bfa68a01b1a6e257d6a9956
Coord. Geral 4,ÁREAS EXECUTIVAS,MM - VOX - GRAPHIC CONTENT,AE: MULTIMÍDIA,,06cd52c8e8dcc6f06504e6bd7ba9f49d
Coord. Geral 4,ÁREAS EXECUTIVAS,OP - COOKING TIME 2 ,AE: OPERAÇÕES,,ab6575ece7ff045940d7b764d8a937ed
Coord. Geral 4,ÁREAS EXECUTIVAS,OP - RECEPÇÃO EKLEKTOS TIME 1,AE: OPERAÇÕES,,af1c9dce3bfa68a01b1a6e257d6a9956
Coord. Geral 4,ÁREAS EXECUTIVAS,OP - RECEPÇÃO EKLEKTOS TIME 2,AE: OPERAÇÕES,,e89b5ab251bd1fd339df7077a4c0bed8
Coord. Geral 4,ÁREAS EXECUTIVAS,OP LOGÍSTICA - EKLEKTOS TIME 2,AE: OPERAÇÕES,,af1c9dce3bfa68a01b1a6e257d6a9956
Coord. Geral 4,ÁREAS EXECUTIVAS,OP LOGÍSTICA - VOX TIME 1,AE: OPERAÇÕES,,06cd52c8e8dcc6f06504e6bd7ba9f49d
Coord. Geral 4,ÁREAS EXECUTIVAS,OP LOGÍSTICA - VOX TIME 2,AE: OPERAÇÕES,,06cd52c8e8dcc6f06504e6bd7ba9f49d
Coord. Geral 4,ÁREAS EXECUTIVAS,MM - EKLEKTOS - LIVESTREAM,AE: MULTIMÍDIA,,af1c9dce3bfa68a01b1a6e257d6a9956
Coordenador 1,ÁREAS EXECUTIVAS,MM - BACKSTAGE,AE: MULTIMÍDIA,2023-07-27,523d2c35453379597b6b4ac773b019ef
Coordenador 1,ÁREAS EXECUTIVAS,MM - VOX - BACKSTAGE & MANAGER ,AE: MULTIMÍDIA,2023-07-28,3197abddfc7c0b2c1bfdd96d48328e99
Coordenador 1,ÁREAS EXECUTIVAS,OP - LOGÍSTICA EKL TIME 1,AE: OPERAÇÕES,2026-01-22,b9466ca1b18e93815bc37add87153bab
Coordenador 1,ÁREAS EXECUTIVAS,OP - RECEPÇÃO EKLEKTOS TIME 1,AE: OPERAÇÕES,2025-02-25,5f64325a937667d2d621a25407770575
Coordenador 1,ÁREAS EXECUTIVAS,OP - RECEPÇÃO EKLEKTOS TIME 2,AE: OPERAÇÕES,2025-02-25,5f64325a937667d2d621a25407770575
Coordenador 1,ÁREAS EXECUTIVAS,OP - RECEPÇÃO FLOW TIME 1,AE: OPERAÇÕES,2024-07-29,5f64325a937667d2d621a25407770575
Coordenador 1,ÁREAS EXECUTIVAS,OP - RECEPÇÃO VOX TIME 1,AE: OPERAÇÕES,2024-07-29,5f64325a937667d2d621a25407770575
Coordenador 1,ÁREAS EXECUTIVAS,OP - RECEPÇÃO VOX TIME 2,AE: OPERAÇÕES,2024-07-29,5f64325a937667d2d621a25407770575
Coordenador 1,ÁREAS EXECUTIVAS,OP - SALA VERDE E VOLUNTÁRIOS,AE: OPERAÇÕES,2025-08-26,000feec7a3a8b5644aa39f8a4c3804ba
Coordenador 1,ÁREAS EXECUTIVAS,OP - SEC,AE: OPERAÇÕES,2025-08-26,80255b02a4d635d405ed9f7f70733e41
Coordenador 1,ÁREAS EXECUTIVAS,OP | APOIO EK 1,AE: OPERAÇÕES,2026-02-04,4e8e65ef277a37c5107c956d8436a2ff
Coordenador 1,ÁREAS EXECUTIVAS,OP | APOIO EK 2,AE: OPERAÇÕES,2026-02-04,4e8e65ef277a37c5107c956d8436a2ff
Coordenador 1,ÁREAS EXECUTIVAS,OP | APOIO FLOW 2,AE: OPERAÇÕES,2026-02-04,4e8e65ef277a37c5107c956d8436a2ff
Coordenador 1,ÁREAS EXECUTIVAS,OP | APOIO M1,AE: OPERAÇÕES,2026-02-04,4e8e65ef277a37c5107c956d8436a2ff
Coordenador 1,ÁREAS EXECUTIVAS,OP | APOIO M2,AE: OPERAÇÕES,2026-02-04,4e8e65ef277a37c5107c956d8436a2ff
Coordenador 1,ÁREAS EXECUTIVAS,OP | APOIO RISE 1,AE: OPERAÇÕES,2026-02-04,4e8e65ef277a37c5107c956d8436a2ff
Coordenador 1,ÁREAS EXECUTIVAS,OP | APOIO RISE 2,AE: OPERAÇÕES,2026-02-04,4e8e65ef277a37c5107c956d8436a2ff
Coordenador 1,ÁREAS EXECUTIVAS,OP | APOIO T1,AE: OPERAÇÕES,2026-02-04,4e8e65ef277a37c5107c956d8436a2ff
Coordenador 1,ÁREAS EXECUTIVAS,OP | APOIO T2,AE: OPERAÇÕES,2026-02-04,4e8e65ef277a37c5107c956d8436a2ff
Coordenador 1,ÁREAS EXECUTIVAS,OP | APOIO VOX 1,AE: OPERAÇÕES,2026-02-04,4e8e65ef277a37c5107c956d8436a2ff
Coordenador 1,ÁREAS EXECUTIVAS,OP | APOIO VOX 2,AE: OPERAÇÕES,2026-02-04,4e8e65ef277a37c5107c956d8436a2ff
Coordenador 1,ÁREAS EXECUTIVAS,OP RECEPÇÃO - TIME 3 ChÁCARA FLORA,AE: OPERAÇÕES,2024-08-21,5f64325a937667d2d621a25407770575
Coordenador 1,ÁREAS EXECUTIVAS,PP - COMUNICAÇÃO,AE: PEOPLE,2026-02-21,a5e1fff8a15ea4fac4eb4b0d82292678
Coordenador 1,ÁREAS EXECUTIVAS,PP - GERENCIAMENTO DE VOLUNTÁRIOS,AE: PEOPLE,2026-02-21,a5e1fff8a15ea4fac4eb4b0d82292678
Coordenador 1,ÁREAS EXECUTIVAS,PP - INTEGRAÇÃO DE VOLUNTÁRIOS,AE: PEOPLE,2026-02-21,a5e1fff8a15ea4fac4eb4b0d82292678
Coordenador 1,ÁREAS EXECUTIVAS,OP - LOGÍSTICA TIME 2 Manhã ,AE: OPERAÇÕES,,b9466ca1b18e93815bc37add87153bab
Coordenador 1,ÁREAS EXECUTIVAS,OP - RECEPÇÃO TIME 1 Chácara Flora ,AE: OPERAÇÕES,,5f64325a937667d2d621a25407770575
Coordenador 1,ÁREAS EXECUTIVAS,OP - RECEPÇÃO TIME 2 CHÁCARA FLORA,AE: OPERAÇÕES,,5f64325a937667d2d621a25407770575
Coordenador 1,ÁREAS EXECUTIVAS,MM - EKLEKTOS - FOTOGRAFIA,AE: MULTIMÍDIA,,195316fb7b672ef273de970edfeb261e
Coordenador 1,ÁREAS EXECUTIVAS,MM - EKLEKTOS - GRAPHIC CONTENT,AE: MULTIMÍDIA,,195316fb7b672ef273de970edfeb261e
Coordenador 1,ÁREAS EXECUTIVAS,MM - VOX - LIVESTREAM,AE: MULTIMÍDIA,,3197abddfc7c0b2c1bfdd96d48328e99
Coordenador 1,ÁREAS EXECUTIVAS,OP - MANAGER EKLEKTOS,AE: OPERAÇÕES,,0d9f3d262ae4bdbef6c530a9ed8d2d2a
Coordenador 1,ÁREAS EXECUTIVAS,OP - MANAGER FLOW,AE: OPERAÇÕES,,0d9f3d262ae4bdbef6c530a9ed8d2d2a
Coordenador 1,ÁREAS EXECUTIVAS,OP - OHANA CAFÉ RISE TIME 1,AE: OPERAÇÕES,,d47950c4563deb92c11a02f8021baf22
Coordenador 1,ÁREAS EXECUTIVAS,MM - EKLEKTOS COMUNICAÇÃO,AE: MULTIMÍDIA,,7989b65c9ba0392ea1d79c189c9e88cd
Coordenador 1,ÁREAS EXECUTIVAS,MM - VOX - GRAPHIC CONTENT,AE: MULTIMÍDIA,,3197abddfc7c0b2c1bfdd96d48328e99
Coordenador 1,ÁREAS EXECUTIVAS,OP - COOKING TIME 1,AE: OPERAÇÕES,,f3051223c487c4b4a0c9b29b0b2ec95f
Coordenador 1,ÁREAS EXECUTIVAS,OP - OHANA CAFÉ FLOW TIME 1,AE: OPERAÇÕES,,d47950c4563deb92c11a02f8021baf22
Coordenador 1,ÁREAS EXECUTIVAS,OP - OHANA CAFÉ TIME 1 BUTANTÃ,AE: OPERAÇÕES,,d47950c4563deb92c11a02f8021baf22
Coordenador 1,ÁREAS EXECUTIVAS,OP - SALA VERDE TIME 1 - MANHÃ,AE: OPERAÇÕES,,000feec7a3a8b5644aa39f8a4c3804ba
Coordenador 1,ÁREAS EXECUTIVAS,OP - SALA VERDE TIME 1 - TARDE,AE: OPERAÇÕES,,000feec7a3a8b5644aa39f8a4c3804ba
Coordenador 1,ÁREAS EXECUTIVAS,OP - SALA VERDE TIME 2 - MANHÃ,AE: OPERAÇÕES,,000feec7a3a8b5644aa39f8a4c3804ba
Coordenador 1,ÁREAS EXECUTIVAS,OP - SALA VERDE TIME 2 - TARDE,AE: OPERAÇÕES,,000feec7a3a8b5644aa39f8a4c3804ba
Coordenador 1,ÁREAS EXECUTIVAS,OP | APOIO FLOW 1,AE: OPERAÇÕES,,4e8e65ef277a37c5107c956d8436a2ff
Coordenador 1,ÁREAS EXECUTIVAS,OP LOGÍSTICA - TIME 1 Tarde,AE: OPERAÇÕES,,b9466ca1b18e93815bc37add87153bab
Coordenador 1,ÁREAS EXECUTIVAS,OP LOGÍSTICA - TIME 2 tarde,AE: OPERAÇÕES,,b9466ca1b18e93815bc37add87153bab
Coordenador 1,ÁREAS EXECUTIVAS,OP LOGÍSTICA - VOX TIME 1,AE: OPERAÇÕES,,b9466ca1b18e93815bc37add87153bab
Coordenador 1,ÁREAS EXECUTIVAS,OP LOGÍSTICA - VOX TIME 2,AE: OPERAÇÕES,,b9466ca1b18e93815bc37add87153bab
Coordenador 1,ÁREAS EXECUTIVAS,OP RECEPÇÃO - TIME 4 CHÁCARA FLORA,AE: OPERAÇÕES,,5f64325a937667d2d621a25407770575
Coordenador 1,ÁREAS EXECUTIVAS,MM - EKLEKTOS - LIVESTREAM,AE: MULTIMÍDIA,,195316fb7b672ef273de970edfeb261e
Coordenador 2,ÁREAS EXECUTIVAS,MM - BACKSTAGE,AE: MULTIMÍDIA,2024-01-09,f79d0d9906bf96ee2286c87e254c0056
Coordenador 2,ÁREAS EXECUTIVAS,OP - LOGÍSTICA EKL TIME 1,AE: OPERAÇÕES,2026-01-20,9faeb49fc6640b796f6d40d6931f9c37
Coordenador 2,ÁREAS EXECUTIVAS,OP - RECEPÇÃO EKLEKTOS TIME 1,AE: OPERAÇÕES,2026-02-09,16e1338780f9a4b58c6725ac78605911
Coordenador 2,ÁREAS EXECUTIVAS,OP - RECEPÇÃO EKLEKTOS TIME 2,AE: OPERAÇÕES,2026-02-09,16e1338780f9a4b58c6725ac78605911
Coordenador 2,ÁREAS EXECUTIVAS,OP - RECEPÇÃO FLOW TIME 1,AE: OPERAÇÕES,2026-02-09,16e1338780f9a4b58c6725ac78605911
Coordenador 2,ÁREAS EXECUTIVAS,OP - RECEPÇÃO TIME 1 Chácara Flora ,AE: OPERAÇÕES,2026-02-09,16e1338780f9a4b58c6725ac78605911
Coordenador 2,ÁREAS EXECUTIVAS,OP - RECEPÇÃO TIME 2 CHÁCARA FLORA,AE: OPERAÇÕES,2026-02-09,16e1338780f9a4b58c6725ac78605911
Coordenador 2,ÁREAS EXECUTIVAS,OP - RECEPÇÃO VOX TIME 1,AE: OPERAÇÕES,2026-02-09,16e1338780f9a4b58c6725ac78605911
Coordenador 2,ÁREAS EXECUTIVAS,OP - RECEPÇÃO VOX TIME 2,AE: OPERAÇÕES,2026-02-09,16e1338780f9a4b58c6725ac78605911
Coordenador 2,ÁREAS EXECUTIVAS,OP | APOIO EK 1,AE: OPERAÇÕES,2026-02-04,be06b4bf3f9bfffd71027f6b1ccf4a7c
Coordenador 2,ÁREAS EXECUTIVAS,OP | APOIO EK 2,AE: OPERAÇÕES,2026-02-04,be06b4bf3f9bfffd71027f6b1ccf4a7c
Coordenador 2,ÁREAS EXECUTIVAS,OP | APOIO FLOW 2,AE: OPERAÇÕES,2026-02-04,be06b4bf3f9bfffd71027f6b1ccf4a7c
Coordenador 2,ÁREAS EXECUTIVAS,OP | APOIO M1,AE: OPERAÇÕES,2025-10-06,be06b4bf3f9bfffd71027f6b1ccf4a7c
Coordenador 2,ÁREAS EXECUTIVAS,OP | APOIO M2,AE: OPERAÇÕES,2026-02-04,be06b4bf3f9bfffd71027f6b1ccf4a7c
Coordenador 2,ÁREAS EXECUTIVAS,OP | APOIO RISE 1,AE: OPERAÇÕES,2026-02-04,be06b4bf3f9bfffd71027f6b1ccf4a7c
Coordenador 2,ÁREAS EXECUTIVAS,OP | APOIO RISE 2,AE: OPERAÇÕES,2026-02-04,be06b4bf3f9bfffd71027f6b1ccf4a7c
Coordenador 2,ÁREAS EXECUTIVAS,OP | APOIO T1,AE: OPERAÇÕES,2026-02-04,be06b4bf3f9bfffd71027f6b1ccf4a7c
Coordenador 2,ÁREAS EXECUTIVAS,OP | APOIO T2,AE: OPERAÇÕES,2026-02-04,be06b4bf3f9bfffd71027f6b1ccf4a7c
Coordenador 2,ÁREAS EXECUTIVAS,OP | APOIO VOX 1,AE: OPERAÇÕES,2026-02-04,be06b4bf3f9bfffd71027f6b1ccf4a7c
Coordenador 2,ÁREAS EXECUTIVAS,OP | APOIO VOX 2,AE: OPERAÇÕES,2026-02-04,be06b4bf3f9bfffd71027f6b1ccf4a7c
Coordenador 2,ÁREAS EXECUTIVAS,OP RECEPÇÃO - TIME 3 ChÁCARA FLORA,AE: OPERAÇÕES,2026-02-09,16e1338780f9a4b58c6725ac78605911
Coordenador 2,ÁREAS EXECUTIVAS,OP RECEPÇÃO - TIME 4 CHÁCARA FLORA,AE: OPERAÇÕES,2026-02-09,16e1338780f9a4b58c6725ac78605911
Coordenador 2,ÁREAS EXECUTIVAS,OP - LOGÍSTICA TIME 2 Manhã ,AE: OPERAÇÕES,,9faeb49fc6640b796f6d40d6931f9c37
Coordenador 2,ÁREAS EXECUTIVAS,OP - OHANA CAFÉ RISE TIME 1,AE: OPERAÇÕES,,f9d632058b05931245aae7ec9db9113c
Coordenador 2,ÁREAS EXECUTIVAS,MM - EKLEKTOS COMUNICAÇÃO,AE: MULTIMÍDIA,,12d1ff90dceb3a8a10cfa2547c265bae
Coordenador 2,ÁREAS EXECUTIVAS,OP - OHANA CAFÉ FLOW TIME 1,AE: OPERAÇÕES,,f9d632058b05931245aae7ec9db9113c
Coordenador 2,ÁREAS EXECUTIVAS,OP - OHANA CAFÉ TIME 1 BUTANTÃ,AE: OPERAÇÕES,,f9d632058b05931245aae7ec9db9113c
Coordenador 2,ÁREAS EXECUTIVAS,OP | APOIO FLOW 1,AE: OPERAÇÕES,,be06b4bf3f9bfffd71027f6b1ccf4a7c
Coordenador 2,ÁREAS EXECUTIVAS,OP LOGÍSTICA - TIME 1 Tarde,AE: OPERAÇÕES,,9faeb49fc6640b796f6d40d6931f9c37
Coordenador 2,ÁREAS EXECUTIVAS,OP LOGÍSTICA - VOX TIME 1,AE: OPERAÇÕES,,9faeb49fc6640b796f6d40d6931f9c37
Coordenador 2,ÁREAS EXECUTIVAS,OP LOGÍSTICA - VOX TIME 2,AE: OPERAÇÕES,,9faeb49fc6640b796f6d40d6931f9c37
Coordenador 3,ÁREAS EXECUTIVAS,OP - RECEPÇÃO EKLEKTOS TIME 1,AE: OPERAÇÕES,2026-02-09,219e804e20d7971e434ef5d9c4404082
Coordenador 3,ÁREAS EXECUTIVAS,OP - RECEPÇÃO EKLEKTOS TIME 2,AE: OPERAÇÕES,2026-02-09,219e804e20d7971e434ef5d9c4404082
Coordenador 3,ÁREAS EXECUTIVAS,OP - RECEPÇÃO FLOW TIME 1,AE: OPERAÇÕES,2026-02-09,219e804e20d7971e434ef5d9c4404082
Coordenador 3,ÁREAS EXECUTIVAS,OP - RECEPÇÃO TIME 1 Chácara Flora ,AE: OPERAÇÕES,2026-02-09,219e804e20d7971e434ef5d9c4404082
Coordenador 3,ÁREAS EXECUTIVAS,OP - RECEPÇÃO TIME 2 CHÁCARA FLORA,AE: OPERAÇÕES,2026-02-09,219e804e20d7971e434ef5d9c4404082
Coordenador 3,ÁREAS EXECUTIVAS,OP - RECEPÇÃO VOX TIME 1,AE: OPERAÇÕES,2026-02-09,219e804e20d7971e434ef5d9c4404082
Coordenador 3,ÁREAS EXECUTIVAS,OP - RECEPÇÃO VOX TIME 2,AE: OPERAÇÕES,2026-02-09,219e804e20d7971e434ef5d9c4404082
Coordenador 3,ÁREAS EXECUTIVAS,OP RECEPÇÃO - TIME 3 ChÁCARA FLORA,AE: OPERAÇÕES,2026-02-09,219e804e20d7971e434ef5d9c4404082
Coordenador 3,ÁREAS EXECUTIVAS,OP LOGÍSTICA - TIME 1 Manhã ,AE: OPERAÇÕES,,186f9c18f6057e4cbbf6248f4653590a
Coordenador 3,ÁREAS EXECUTIVAS,MM - VOX - GRAPHIC CONTENT,AE: MULTIMÍDIA,,657a6041c9b0b4916cce1589e8d23019
Coordenador 3,ÁREAS EXECUTIVAS,OP LOGÍSTICA - TIME 2 tarde,AE: OPERAÇÕES,,9faeb49fc6640b796f6d40d6931f9c37
Coordenador 3,ÁREAS EXECUTIVAS,OP RECEPÇÃO - TIME 4 CHÁCARA FLORA,AE: OPERAÇÕES,,219e804e20d7971e434ef5d9c4404082
Líder 1,ÁREAS EXECUTIVAS,MM - BACKSTAGE,AE: MULTIMÍDIA,2020-11-19,195316fb7b672ef273de970edfeb261e
Líder 1,ÁREAS EXECUTIVAS,MM - DESIGNERS,AE: MULTIMÍDIA,2024-09-06,48b4fe33a08949bd71d35cc7f9769026
Líder 1,ÁREAS EXECUTIVAS,MM - EKLEKTOS - LIVESTREAM,AE: MULTIMÍDIA,2025-08-19,ab3b01e0211a7e672b146d361aa18c5f
Líder 1,ÁREAS EXECUTIVAS,MM - FOTOGRAFIA,AE: MULTIMÍDIA,2021-08-22,e11403e79252ba3ff0dc0a492b286d55
Líder 1,ÁREAS EXECUTIVAS,MM - GRAPHIC CONTENT,AE: MULTIMÍDIA,2025-09-03,e5b76adc55c90d123120dec9d77671de
Líder 1,ÁREAS EXECUTIVAS,MM - LIVESTREAM,AE: MULTIMÍDIA,2023-07-26,0e0c2b84dc0cb4dfe94cbc123a3365ce
Líder 1,ÁREAS EXECUTIVAS,MM - SOM,AE: MULTIMÍDIA,2026-03-26,5fd2df752ce837411aa16c714629e0fc
Líder 1,ÁREAS EXECUTIVAS,MM - TÉCNICA,AE: MULTIMÍDIA,2024-06-11,76f7bce7d5c47e6d85bc4cb3225be27b
Líder 1,ÁREAS EXECUTIVAS,MM - TI,AE: MULTIMÍDIA,2024-06-11,76f7bce7d5c47e6d85bc4cb3225be27b
Líder 1,ÁREAS EXECUTIVAS,OP - ACESSIBILIDADE,AE: OPERAÇÕES,2025-10-21,975f2b98820b4ad386fd15766bce436f
Líder 1,ÁREAS EXECUTIVAS,OP - COOKING TIME 1,AE: OPERAÇÕES,2025-02-03,24919edb9e57cc97baeaa9cbb349b64a
Líder 1,ÁREAS EXECUTIVAS,OP - OHANA CAFÉ FLOW TIME 1,AE: OPERAÇÕES,2024-03-10,a302c2dfc0e3016b7e20873ca83248c3
Líder 1,ÁREAS EXECUTIVAS,OP - OHANA CAFÉ TIME 1 BUTANTÃ,AE: OPERAÇÕES,2023-03-14,554e083ba4a2ea9fb6afd89e36b8cee4
Líder 1,ÁREAS EXECUTIVAS,OP - RECEPÇÃO TIME 1 Chácara Flora ,AE: OPERAÇÕES,2025-02-10,2be25eecbc22ae977558a84067c80b4d
Líder 1,ÁREAS EXECUTIVAS,OP - SALA VERDE E VOLUNTÁRIOS,AE: OPERAÇÕES,2025-07-22,716c629eb0a4f157c72e2569577907ed
Líder 1,ÁREAS EXECUTIVAS,OP - SALA VERDE TIME 1 - MANHÃ,AE: OPERAÇÕES,2025-07-14,716c629eb0a4f157c72e2569577907ed
Líder 1,ÁREAS EXECUTIVAS,OP - SALA VERDE TIME 1 - TARDE,AE: OPERAÇÕES,2025-12-03,e240f8e1b516a518370e8f486f346cf3
Líder 1,ÁREAS EXECUTIVAS,OP - SALA VERDE TIME 2 - TARDE,AE: OPERAÇÕES,2025-07-14,33df8f3e45e8a0cf6a9996108ce0d5ce
Líder 1,ÁREAS EXECUTIVAS,OP - SHABASTORE FLOW TIME 1,AE: OPERAÇÕES,2023-10-01,0fbeb37fcd33ce2727a3aa4fd6a778c9
Líder 1,ÁREAS EXECUTIVAS,OP - SHABASTORE TIME 2 CHACARA FLORA MANHÃ,AE: OPERAÇÕES,2025-04-22,ed974a9b222d8d72f04d99a124330196
Líder 1,ÁREAS EXECUTIVAS,OP - SHABASTORE TIME 2 CHÁCARA FLORA TARDE,AE: OPERAÇÕES,2025-05-04,248d7bd9fa15cbe0aace0a01e935b523
Líder 1,ÁREAS EXECUTIVAS,OP | APOIO EK 1,AE: OPERAÇÕES,2023-10-05,12a2c72eb741292c30b3ebbab5d7a1af
Líder 1,ÁREAS EXECUTIVAS,OP | APOIO EK 2,AE: OPERAÇÕES,2024-11-18,ef19cf6a08ff4b7921d1a8b6c36ada3f
Líder 1,ÁREAS EXECUTIVAS,OP | APOIO M1,AE: OPERAÇÕES,2023-04-09,f82b47293f99e05ad23a5db53a8f15ba
Líder 1,ÁREAS EXECUTIVAS,OP | APOIO M2,AE: OPERAÇÕES,2026-02-05,50ccd560d31a5e704d7101a5e19b7d08
Líder 1,ÁREAS EXECUTIVAS,OP | APOIO T1,AE: OPERAÇÕES,2026-02-24,32292ff20f8bc488d654997a307227bf
Líder 1,ÁREAS EXECUTIVAS,OP | APOIO VOX 1,AE: OPERAÇÕES,2025-11-01,9ebb3b4358b759f2c12fbf36960711d1
Líder 1,ÁREAS EXECUTIVAS,OP | APOIO VOX 2,AE: OPERAÇÕES,2025-08-29,83b9d214637ee1e249c4434782f4aaab
Líder 1,ÁREAS EXECUTIVAS,OP LOGÍSTICA - TIME 1 Tarde,AE: OPERAÇÕES,2026-01-20,9de834a45495182834e36d807dde12eb
Líder 1,ÁREAS EXECUTIVAS,OP OHANA CAFÉ - VOX TIME 1,AE: OPERAÇÕES,2023-07-04,d47950c4563deb92c11a02f8021baf22
Líder 1,ÁREAS EXECUTIVAS,OP RECEPÇÃO - TIME 3 ChÁCARA FLORA,AE: OPERAÇÕES,2026-02-09,0fbeb37fcd33ce2727a3aa4fd6a778c9
Líder 1,ÁREAS EXECUTIVAS,OP RECEPÇÃO - TIME 4 CHÁCARA FLORA,AE: OPERAÇÕES,2026-02-09,638cf8640f3c2e4188ce1fbd1704ad79
Líder 1,ÁREAS EXECUTIVAS,OP - OHANA CAFÉ VOX TIME 2,AE: OPERAÇÕES,,d47950c4563deb92c11a02f8021baf22
Líder 1,ÁREAS EXECUTIVAS,OP | APOIO RISE 2,AE: OPERAÇÕES,,ec811c23f86bb75b518cc7939c5bd5f9
Líder 1,ÁREAS EXECUTIVAS,OP LOGÍSTICA - TIME 1 Manhã ,AE: OPERAÇÕES,,b9466ca1b18e93815bc37add87153bab
Líder 1,ÁREAS EXECUTIVAS,MM - LIVESTREAM RISE,AE: MULTIMÍDIA,,527ea12abb39dd29a7972439519bd8e0
Líder 1,ÁREAS EXECUTIVAS,OP - OHANA CAFÉ EKLEKTOS TIME 1,AE: OPERAÇÕES,,d47950c4563deb92c11a02f8021baf22
Líder 1,ÁREAS EXECUTIVAS,MM - BACKSTAGE RISE,AE: MULTIMÍDIA,,527ea12abb39dd29a7972439519bd8e0
Líder 1,ÁREAS EXECUTIVAS,MM - EKLEKTOS - BACKSTAGE,AE: MULTIMÍDIA,,82d99f4c14d7e503fe193a0fa2aa05a8
Líder 1,ÁREAS EXECUTIVAS,MM - MANAGER,AE: MULTIMÍDIA,,65281fabea73bb463b73dbf318a7a8e0
Líder 1,ÁREAS EXECUTIVAS,OP - OHANA CAFÉ TIME 2 BUTANTÃ,AE: OPERAÇÕES,,d47950c4563deb92c11a02f8021baf22
Líder 1,ÁREAS EXECUTIVAS,OP - SHABASTORE TIME 1 CHACARA FLORA MANHÃ,AE: OPERAÇÕES,,b8b4fac0493881ac64f132da4d5a0b11
Líder 1,ÁREAS EXECUTIVAS,OP - SHABASTORE VOX/EKLEKTOS TIME 1,AE: OPERAÇÕES,,4d01bf996e4ddb7fe3751dbd87360d2f
Líder 1,ÁREAS EXECUTIVAS,OP - SHABASTORE VOX/EKLEKTOS TIME 2,AE: OPERAÇÕES,,4d01bf996e4ddb7fe3751dbd87360d2f
Líder 1,ÁREAS EXECUTIVAS,OP | APOIO FLOW 1,AE: OPERAÇÕES,,7e9632a8950b2f02b5ba7ba6eecc4b19
Líder 1,ÁREAS EXECUTIVAS,OP | APOIO RISE 1,AE: OPERAÇÕES,,21af2d8e0e92610d95803110f641fcb2
Líder 1,ÁREAS EXECUTIVAS,OP OHANA CAFÉ - TIME 1 MORUMBI,AE: OPERAÇÕES,,d47950c4563deb92c11a02f8021baf22
Líder 1,ÁREAS EXECUTIVAS,OP OHANA CAFÉ - TIME 2 MORUMBI,AE: OPERAÇÕES,,d47950c4563deb92c11a02f8021baf22
Líder 2,ÁREAS EXECUTIVAS,MM - BACKSTAGE,AE: MULTIMÍDIA,2024-07-12,e63eac514c1dce533d9fa1ec50749672
Líder 2,ÁREAS EXECUTIVAS,MM - DEVELOPERS,AE: MULTIMÍDIA,2024-07-02,7ca1001c08ee60d542f71224c56fb2dc
Líder 2,ÁREAS EXECUTIVAS,MM - LIVESTREAM,AE: MULTIMÍDIA,2022-07-04,b870826725a5138f75923d98f8695e02
Líder 2,ÁREAS EXECUTIVAS,OP - COOKING TIME 1,AE: OPERAÇÕES,2025-02-03,ab6575ece7ff045940d7b764d8a937ed
Líder 2,ÁREAS EXECUTIVAS,OP - OHANA CAFÉ TIME 1 BUTANTÃ,AE: OPERAÇÕES,2023-07-04,d338870ca9c82b83256c8ec87ff3eded
Líder 2,ÁREAS EXECUTIVAS,OP - SALA VERDE E VOLUNTÁRIOS,AE: OPERAÇÕES,2025-10-21,33df8f3e45e8a0cf6a9996108ce0d5ce
Líder 2,ÁREAS EXECUTIVAS,OP - SALA VERDE TIME 2 - TARDE,AE: OPERAÇÕES,2025-08-26,0a20a852f50e91c396f7e899f562b842
Líder 2,ÁREAS EXECUTIVAS,OP - SHABASTORE TIME 1 CHÁCARA FLORA TARDE,AE: OPERAÇÕES,2025-04-22,0d51f3e1852e1ec6957ae95746982c0f
Líder 2,ÁREAS EXECUTIVAS,OP | APOIO EK 1,AE: OPERAÇÕES,2024-10-22,059b32a15d5dc222e25f727597a5671a
Líder 2,ÁREAS EXECUTIVAS,OP | APOIO M2,AE: OPERAÇÕES,2026-02-05,72aaccca705e655c7fcce9886ac1003f
Líder 2,ÁREAS EXECUTIVAS,OP | APOIO T1,AE: OPERAÇÕES,2026-01-22,f5828bbfc0ba3797471fb853305d896c
Líder 2,ÁREAS EXECUTIVAS,OP | APOIO VOX 2,AE: OPERAÇÕES,2025-08-29,00a8d5504fdd83440df10ca50d27dcd8
Líder 2,ÁREAS EXECUTIVAS,OP OHANA CAFÉ - VOX TIME 1,AE: OPERAÇÕES,2023-07-04,f9d632058b05931245aae7ec9db9113c
Líder 2,ÁREAS EXECUTIVAS,OP RECEPÇÃO - TIME 4 CHÁCARA FLORA,AE: OPERAÇÕES,2026-02-09,72e910d80fd6325721cb02258d0ce8d7
Líder 2,ÁREAS EXECUTIVAS,OP - OHANA CAFÉ VOX TIME 2,AE: OPERAÇÕES,,f9d632058b05931245aae7ec9db9113c
Líder 2,ÁREAS EXECUTIVAS,OP | APOIO RISE 2,AE: OPERAÇÕES,,61f1ccffeb47ff0cc20d1eeaaa3811ee
Líder 2,ÁREAS EXECUTIVAS,MM - COMUNICAÇÃO RISE,AE: MULTIMÍDIA,,e56cc9c3d7d39f5b6c8493ff8d6bb111
Líder 2,ÁREAS EXECUTIVAS,OP - MANAGER FLOW,AE: OPERAÇÕES,,2ee3840ed67ecbd88a04b2d9a0b39351
Líder 2,ÁREAS EXECUTIVAS,OP - OHANA CAFÉ EKLEKTOS TIME 1,AE: OPERAÇÕES,,f9d632058b05931245aae7ec9db9113c
Líder 2,ÁREAS EXECUTIVAS,OP - OHANA CAFÉ TIME 2 BUTANTÃ,AE: OPERAÇÕES,,f9d632058b05931245aae7ec9db9113c
Líder 2,ÁREAS EXECUTIVAS,OP | APOIO EK 2,AE: OPERAÇÕES,,826319c11a56f43a54ca805c32992239
Líder 2,ÁREAS EXECUTIVAS,OP OHANA CAFÉ - TIME 1 MORUMBI,AE: OPERAÇÕES,,f9d632058b05931245aae7ec9db9113c
Líder 2,ÁREAS EXECUTIVAS,OP OHANA CAFÉ - TIME 2 MORUMBI,AE: OPERAÇÕES,,f9d632058b05931245aae7ec9db9113c
Líder 3,ÁREAS EXECUTIVAS,OP - SALA VERDE E VOLUNTÁRIOS,AE: OPERAÇÕES,2025-10-21,0a20a852f50e91c396f7e899f562b842
Líder 3,ÁREAS EXECUTIVAS,OP | APOIO T2,AE: OPERAÇÕES,2026-02-17,2651adee33d824f3b84553565dfbf10d
Líder 3,ÁREAS EXECUTIVAS,OP OHANA CAFÉ - TIME 1 MORUMBI,AE: OPERAÇÕES,2024-08-08,17ad0cdc583125bee20ae24eea5edfb0
Líder 3,ÁREAS EXECUTIVAS,OP OHANA CAFÉ - TIME 2 MORUMBI,AE: OPERAÇÕES,2024-08-23,0596c7b05094d6cb10082478eee1e771
Líder 3,ÁREAS EXECUTIVAS,OP OHANA CAFÉ - VOX TIME 1,AE: OPERAÇÕES,2025-07-14,a302c2dfc0e3016b7e20873ca83248c3
Líder 3,ÁREAS EXECUTIVAS,OP - RECEPÇÃO FLOW TIME 1,AE: OPERAÇÕES,,2be9f1d3a09a64c82388a95f90cdce3a
Líder 4,ÁREAS EXECUTIVAS,OP - OHANA CAFÉ EKLEKTOS TIME 1,AE: OPERAÇÕES,2024-04-26,32732fbfce92e84130bb1e60936aef33
Líder 4,ÁREAS EXECUTIVAS,OP - OHANA CAFÉ TIME 2 BUTANTÃ,AE: OPERAÇÕES,2024-10-13,5aa0b2c3f14d0f94f89cec97eb609899
Líder 4,ÁREAS EXECUTIVAS,OP - OHANA CAFÉ VOX TIME 2,AE: OPERAÇÕES,2022-03-28,3b4ac124377059a1ad35007f5e92435d
Líder 4,ÁREAS EXECUTIVAS,OP - SALA VERDE E VOLUNTÁRIOS,AE: OPERAÇÕES,2024-10-19,e240f8e1b516a518370e8f486f346cf3
Líder 4,ÁREAS EXECUTIVAS,OP | APOIO T2,AE: OPERAÇÕES,,aaa3c76dadd3cc929659a7c6c28929ca
Líder 5,ÁREAS EXECUTIVAS,OP - OHANA CAFÉ TIME 2 BUTANTÃ,AE: OPERAÇÕES,2024-10-13,ef3ff2832401b23755cdd9209fdd5a5a
LINK: LÍDER PRESENCIAL,ÁREAS EXECUTIVAS,OP - COOKING TIME 2 ,AE: OPERAÇÕES,2025-02-03,f3051223c487c4b4a0c9b29b0b2ec95f
MINISTÉRIO: LÍDER,ÁREAS EXECUTIVAS,MM - COMUNICAÇÃO RISE,AE: MULTIMÍDIA,2025-05-20,8577ffa7999be3783285bb57518c1e56
Não informado,ÁREAS EXECUTIVAS,MM - BACKSTAGE,AE: MULTIMÍDIA,2026-01-08,d3eb5bd831d541b2766ae43b154f3f61
Não informado,ÁREAS EXECUTIVAS,MM - BACKSTAGE,AE: MULTIMÍDIA,2025-11-10,45e360d27f5a1b7c82c19f0ed89ab05c
Não informado,ÁREAS EXECUTIVAS,MM - BACKSTAGE,AE: MULTIMÍDIA,2025-09-25,361ef6f57a994c85825938a18be76a6d
Não informado,ÁREAS EXECUTIVAS,MM - BACKSTAGE,AE: MULTIMÍDIA,2025-08-26,9343f18fb803f629c0aa12dda9218098
Não informado,ÁREAS EXECUTIVAS,MM - BACKSTAGE,AE: MULTIMÍDIA,2025-07-29,1c4d4a034a5b4ee16e9a64f673385cb4
Não informado,ÁREAS EXECUTIVAS,MM - DEVELOPERS,AE: MULTIMÍDIA,2025-07-01,1f88d95d74406b58457cc5d70ef94ff8
Não informado,ÁREAS EXECUTIVAS,MM - EKLEKTOS - BACKSTAGE,AE: MULTIMÍDIA,2025-11-26,2c3ea6c2464028fdf55dd049502cc87e
Não informado,ÁREAS EXECUTIVAS,MM - EKLEKTOS - BACKSTAGE,AE: MULTIMÍDIA,2025-11-26,2f0b47a33b3fd929f00137f1e5bdd9e3
Não informado,ÁREAS EXECUTIVAS,MM - GRAPHIC CONTENT,AE: MULTIMÍDIA,2026-01-14,e33de58d040f888da57a44d16828dfe2
Não informado,ÁREAS EXECUTIVAS,MM - GRAPHIC CONTENT,AE: MULTIMÍDIA,2026-01-22,657a6041c9b0b4916cce1589e8d23019
Não informado,ÁREAS EXECUTIVAS,MM - LIVESTREAM,AE: MULTIMÍDIA,2025-02-01,645614a14e39018c83707aed110ba9f9
Não informado,ÁREAS EXECUTIVAS,MM - LIVESTREAM,AE: MULTIMÍDIA,2024-07-30,ab3b01e0211a7e672b146d361aa18c5f
Não informado,ÁREAS EXECUTIVAS,MM - TÉCNICA,AE: MULTIMÍDIA,2025-07-23,a794cde30d40af4e446ff5c77f19a049
Não informado,ÁREAS EXECUTIVAS,OP - COOKING TIME 1,AE: OPERAÇÕES,2025-09-01,57cbdd9b96420e855de71f795cafc7d7
Não informado,ÁREAS EXECUTIVAS,OP - COOKING TIME 1,AE: OPERAÇÕES,2025-07-01,fa4253f6a6c1d014eefbdc3f7349abfd
Não informado,ÁREAS EXECUTIVAS,OP - COOKING TIME 1,AE: OPERAÇÕES,2025-09-01,c3047018ca7f9ecbb2b184d8e8de3840
Não informado,ÁREAS EXECUTIVAS,OP - COOKING TIME 1,AE: OPERAÇÕES,2025-09-01,243f01e2363d4336d67f3f577e56daee
Não informado,ÁREAS EXECUTIVAS,OP - COOKING TIME 2 ,AE: OPERAÇÕES,2025-07-01,b168a4dd388158a3e61d6a65db8bf6e1
Não informado,ÁREAS EXECUTIVAS,OP - COOKING TIME 2 ,AE: OPERAÇÕES,2025-09-01,49dd4b43d8f294601533765ebc2cb435
Não informado,ÁREAS EXECUTIVAS,OP - COOKING TIME 2 ,AE: OPERAÇÕES,2025-07-01,4b9c0c991f4440ebaf47a924a0bd10e0
Não informado,ÁREAS EXECUTIVAS,OP - LOGÍSTICA EKL TIME 1,AE: OPERAÇÕES,2025-12-11,7a2a8943a8233b512048733b12ba4c09
Não informado,ÁREAS EXECUTIVAS,OP - OHANA CAFÉ FLOW TIME 1,AE: OPERAÇÕES,2025-01-27,91a3c2e3ea8c92346f17689cdd31cb8b
Não informado,ÁREAS EXECUTIVAS,OP - OHANA CAFÉ FLOW TIME 1,AE: OPERAÇÕES,2024-05-11,8ef5cf9856bac0e62c013ceedb5ea2d6
Não informado,ÁREAS EXECUTIVAS,OP - OHANA CAFÉ TIME 1 BUTANTÃ,AE: OPERAÇÕES,2026-02-08,36214b949bea230af5a16df50765636f
Não informado,ÁREAS EXECUTIVAS,OP - OHANA CAFÉ TIME 1 BUTANTÃ,AE: OPERAÇÕES,2026-02-08,4d5d520ad7aa83cfb0f7e9fcdfe45fd9
Não informado,ÁREAS EXECUTIVAS,OP - SHABASTORE TIME 1 CHACARA FLORA MANHÃ,AE: OPERAÇÕES,2025-09-16,5c317b43a87cecfef00f3e69be810a32
Não informado,ÁREAS EXECUTIVAS,OP - SHABASTORE TIME 1 CHACARA FLORA MANHÃ,AE: OPERAÇÕES,2025-06-06,1997aafb44503598400e494fa6f8186f
Não informado,ÁREAS EXECUTIVAS,OP - SHABASTORE TIME 1 CHACARA FLORA MANHÃ,AE: OPERAÇÕES,2025-09-16,3e409cb69e0c135d500ed27ed31ed3b9
Não informado,ÁREAS EXECUTIVAS,OP - SHABASTORE TIME 2 CHACARA FLORA MANHÃ,AE: OPERAÇÕES,2025-04-29,3425c364f91fc106984b03ac231af10f
Não informado,ÁREAS EXECUTIVAS,OP | APOIO EK 2,AE: OPERAÇÕES,2025-02-23,8a758ae2b9c9e39747a3bb331e62bf28
Não informado,ÁREAS EXECUTIVAS,OP | APOIO EK 2,AE: OPERAÇÕES,2025-02-23,f42b8071e841337f3a4788b70165e875
Não informado,ÁREAS EXECUTIVAS,OP | APOIO EK 2,AE: OPERAÇÕES,2024-12-04,9e7d61abedd25a77e20a34fd4c39cf11
Não informado,ÁREAS EXECUTIVAS,OP | APOIO EK 2,AE: OPERAÇÕES,2024-11-18,b969277efe5d1302a19e1ef6450b0531
Não informado,ÁREAS EXECUTIVAS,OP | APOIO EK 2,AE: OPERAÇÕES,2024-10-04,372164bd99032acb47b66938c01b0b43
Não informado,ÁREAS EXECUTIVAS,OP | APOIO EK 2,AE: OPERAÇÕES,2025-02-08,66d2cb76b6dfe89576582f8192bc2f69
Não informado,ÁREAS EXECUTIVAS,OP | APOIO EK 2,AE: OPERAÇÕES,2025-04-21,c98a53d92d39b2424c72cd8183934743
Não informado,ÁREAS EXECUTIVAS,OP | APOIO FLOW 2,AE: OPERAÇÕES,2024-12-04,c923e3edeb40d5ff825ed87d81cf73c0
Não informado,ÁREAS EXECUTIVAS,OP | APOIO FLOW 2,AE: OPERAÇÕES,2024-12-04,478a59f39b7f95b1e5813506093b5b06
Não informado,ÁREAS EXECUTIVAS,OP | APOIO M1,AE: OPERAÇÕES,2025-09-22,741d2d2840b41894a48d112a37f8d7c7
Não informado,ÁREAS EXECUTIVAS,OP | APOIO M1,AE: OPERAÇÕES,2024-09-15,a7991ef79972a9fccfffc0e4ce10ccb7
Não informado,ÁREAS EXECUTIVAS,OP | APOIO M2,AE: OPERAÇÕES,2025-07-14,0f1d3b2b7ddf7a30458ba9d8610f9a3b
Não informado,ÁREAS EXECUTIVAS,OP | APOIO M2,AE: OPERAÇÕES,2025-09-28,f90d80648785a1333c1dedeeda3d920e
Não informado,ÁREAS EXECUTIVAS,OP | APOIO M2,AE: OPERAÇÕES,2025-07-07,fd61b68435b58a21cc4e718a4e7a1c46
Não informado,ÁREAS EXECUTIVAS,OP | APOIO M2,AE: OPERAÇÕES,2025-07-17,f081b1df17239372c7bd17ec90bcc6ab
Não informado,ÁREAS EXECUTIVAS,OP | APOIO M2,AE: OPERAÇÕES,2022-02-25,adb3ea13ac90c200c704826fcf667eb4
Não informado,ÁREAS EXECUTIVAS,OP | APOIO M2,AE: OPERAÇÕES,2025-07-17,723274677b5e1a445cf68c69c832961a
Não informado,ÁREAS EXECUTIVAS,OP | APOIO M2,AE: OPERAÇÕES,2025-05-19,8b5cd1f8457599cc1595c459836cb004
Não informado,ÁREAS EXECUTIVAS,OP | APOIO T1,AE: OPERAÇÕES,2024-02-04,accca9669e9e3f87d865c42bf702832c
Não informado,ÁREAS EXECUTIVAS,OP | APOIO T2,AE: OPERAÇÕES,2025-11-18,cf660e25fa3b0cf680a86db39e0042eb
Não informado,ÁREAS EXECUTIVAS,OP | APOIO T2,AE: OPERAÇÕES,2025-11-18,c3456d22d45423df8bb84972b1fcc1ef
Não informado,ÁREAS EXECUTIVAS,OP | APOIO T2,AE: OPERAÇÕES,2025-05-18,58fa2be83b86d8f97f776ad0d942e0d6
Não informado,ÁREAS EXECUTIVAS,OP | APOIO T2,AE: OPERAÇÕES,2025-03-09,1c1cb197b41bc95ab16982b9a329eab1
Não informado,ÁREAS EXECUTIVAS,OP | APOIO T2,AE: OPERAÇÕES,2025-03-09,b14477450a62c20a1e5bb5da78372a77
Não informado,ÁREAS EXECUTIVAS,OP | APOIO T2,AE: OPERAÇÕES,2025-03-09,be837b15e497dc3a36cc19e90e26f2eb
Não informado,ÁREAS EXECUTIVAS,OP | APOIO T2,AE: OPERAÇÕES,2025-02-03,5740c201b7e517a5f066e1714b202f40
Não informado,ÁREAS EXECUTIVAS,OP | APOIO T2,AE: OPERAÇÕES,2025-07-14,76fa2525e976d7c1422f198630105912
Não informado,ÁREAS EXECUTIVAS,OP | APOIO T2,AE: OPERAÇÕES,2025-09-21,6e9a89cc12c04e8fd95d922954b80ac8
Não informado,ÁREAS EXECUTIVAS,OP | APOIO T2,AE: OPERAÇÕES,2025-05-18,c4c0a930b7258bd1efb634d60ff85031
Não informado,ÁREAS EXECUTIVAS,OP OHANA CAFÉ - TIME 2 MORUMBI,AE: OPERAÇÕES,2025-01-17,f5ae3c5aaaea71575fee3e48c9f4436f
Não informado,ÁREAS EXECUTIVAS,OP OHANA CAFÉ - TIME 2 MORUMBI,AE: OPERAÇÕES,2026-03-22,a46679d7b30d73260bee65f103e72977
Não informado,ÁREAS EXECUTIVAS,OP OHANA CAFÉ - TIME 2 MORUMBI,AE: OPERAÇÕES,2026-03-22,87a8701f5bbc4720994a3355f29645a5
Não informado,ÁREAS EXECUTIVAS,OP OHANA CAFÉ - TIME 2 MORUMBI,AE: OPERAÇÕES,2025-10-21,4cef813fa9e43332c66781239b642dca
Não informado,ÁREAS EXECUTIVAS,OP RECEPÇÃO - TIME 3 ChÁCARA FLORA,AE: OPERAÇÕES,2025-08-19,8e8faa22701b1816e280dcdde35480cb
Não informado,ÁREAS EXECUTIVAS,PP - INTEGRAÇÃO DE VOLUNTÁRIOS,AE: PEOPLE,2026-02-21,dd33c52f3d8a6369ddbd717ae9ae27a9
